x1,x2,y
1.899386533099244,1.130193424904988,1
2.013397129143531,2.6627464988017904,1
1.7357807689597804,2.4238374374823484,1
-1.4931330325834522,-2.988677776169394,0
1.2876346767602687,1.8985123162969122,1
-3.1891245751563364,-1.4210380777228324,0
2.510563548484706,2.5768002909058167,1
-3.001801153700347,-1.995612293612328,0
-1.660106578390823,-3.7475121918541436,0
-2.9411286233235403,-1.9430285514350054,0
-1.374421797886097,-2.0055077442716116,0
-3.053516533764805,-3.145604950720485,0
-1.7616913365941915,-2.112556705014815,0
-1.8816662273453768,-2.369127684427361,0
-3.3646394360410605,-3.1662759214639826,0
-1.0327051133886522,-1.218758859642669,0
-2.36268353901234,-1.7796938725893683,0
1.9388504026554314,2.104718223128638,1
-1.7735962119221422,-1.7024707841339923,0
-1.7206614313265394,-2.79833330922089,0
-2.429207771553363,-2.451366643948979,0
-2.3217920277631188,-3.1523963242118618,0
1.5795560648313292,2.289969102688573,1
2.681745942475935,0.41328381990177787,1
0.1521460352284496,1.099326213010673,1
-2.147333914843206,-2.3228236393973365,0
2.3508544405194067,0.5320551257774295,1
2.1080356185816456,2.3745635951023996,1
2.951402341550678,0.825998168444495,1
0.13232537616689255,-1.6670805252768783,0
2.517471343319834,3.067357173801965,1
-2.714061247296395,-1.8800917209687982,0
1.167235374411766,1.2649999706529749,1
-2.4216042573352974,-2.376666715125,0
-0.25793122824898806,-3.002097321826869,0
2.7370735902215033,3.1292347803870815,1
-0.9700676504050587,-2.83256248613536,0
-1.9611955005183817,-1.790419730696795,0
-2.5346351362277324,-2.9436616026366673,0
-1.4691395007151713,-2.0897772631592884,0
-1.3655439107709915,-1.8183204941739743,0
-2.0873754219559646,-1.794648575983738,0
-2.5060573801878663,-3.335492478201812,0
0.4922817143907354,2.2149550499851975,1
-1.5312102446928877,-2.7152151306410257,0
-1.072776574702012,-2.7687624475528736,0
1.250749442934412,2.3257011376118095,1
2.4213352951554943,1.7681391198720917,1
-1.8965170553703607,-1.7995508534992124,0
-2.794970639418635,-1.640723042687996,0
2.0989913801401303,0.08985233540848503,1
1.6276989897092253,1.718299354668806,1
-2.320706275893292,-1.737371395544473,0
2.8802034181699,2.1142123176701624,1
1.032689725085692,1.9226334803695757,1
1.7775500525473207,1.9606149622456261,1
-2.394831871367816,-2.3193307963541696,0
-3.0334879790194775,-1.9747061461665247,0
-2.031780854083821,-1.3718172215386666,0
2.188328748817174,2.1187361624369356,1
0.775242866857722,1.4479524146380855,1
-2.61005378577825,-2.7071036952862197,0
-1.1117455519808142,-2.799283401983808,0
2.457048948897198,2.314798180699032,1
2.6253478056623853,1.4581630499060383,1
-2.8997430683326266,-2.0913429138326083,0
1.0801032159136141,2.93875460644902,1
-3.6779403575669876,-1.6622826351764606,0
-2.454149140108372,-1.4760793762989777,0
-1.6868454935408688,-1.149689428534955,0
0.22781989739478004,1.7320948413033572,1
2.2139111208388957,1.7537150787223026,1
2.86780984742565,1.3870329790263738,1
2.3805592293385205,2.1573809305973417,1
1.85544421669839,2.0178078220630247,1
-1.9868814242085213,-1.8339120250491783,0
1.3490189360724494,1.4250498056278067,1
-2.2613571587920807,-0.9051209165600513,0
1.9421115410989476,3.0116295752466296,1
2.3006316262495496,1.623639864340933,1
-1.1689428488215483,-0.8871879341548972,0
1.7053651325263586,2.2052450148484457,1
1.4821077059131094,1.1814377483633476,1
1.3764424302313736,1.4223850900190578,1
-2.560561321734736,-1.4346616060471489,0
2.6288392693278673,1.697116105184458,1
-1.698832708012948,-2.068256067928816,0
-0.6986041822289757,-2.572040464910268,0
2.645285388509303,1.614583303973089,1
-1.8596126105499984,-3.0943252635096696,0
2.264993000955603,2.0416518922729394,1
3.2636106640449585,1.66130806568037,1
-1.595668330553038,-4.8392271193352965,0
-2.2160785079661287,-1.9305814459621726,0
1.5261748664888934,2.826446627630456,1
-1.6928835502475081,-3.2946943722352,0
-1.624160091334235,-0.9762039312753816,0
2.237026393751492,2.159041334482584,1
-2.3650506475675304,-1.5963734627336577,0
1.7591195583100434,2.3343218168077238,1
-2.1720663539615885,-1.211228983352837,0
-3.1139021433715968,-2.3543902580757567,0
-2.6276491877442982,-1.7890061993830875,0
-1.4929670828546413,-2.050283967132813,0
1.4933262070332987,1.1314164055049405,1
-2.4887721349841607,-1.4942783714898122,0
1.8692728335855122,2.922599945224041,1
1.3430526701913506,3.0805274697491782,1
-2.1543800895506355,-1.6966303246985828,0
-2.565225120157841,-2.3980772923065787,0
-1.7926735784206487,-1.3262410266346867,0
-1.7661607473413612,-2.065340272759135,0
-1.6018232641152124,-2.2490435720516686,0
1.3904571803786272,2.2221081050855593,1
2.653420280178611,1.3454320477409814,1
1.1123381057784842,1.5377551512220524,1
-1.0851433253717002,-2.2485386087504486,0
2.112960927792797,1.197495850877556,1
-2.240865275597533,-1.6762980386435133,0
-1.9465486558056548,-1.677067234977298,0
-2.445648268033838,-2.600240179074029,0
1.544096982009254,2.2948953696915764,1
2.436362780016702,2.073411720693058,1
2.0735822596172513,1.5880957112399332,1
-1.8689463832354856,-2.0249564354355605,0
-1.8349661748380128,-1.3426104503566458,0
-1.4614235976046754,-1.6977417437876188,0
1.759645419180195,2.47599459892086,1
-1.4493655894156405,-1.3079753039228192,0
-2.0025451014633813,-2.5799761534358328,0
-0.5473445806729265,-1.8376719074693122,0
2.1677631361718417,0.9996962522049819,1
2.543026470611018,2.8261966269505088,1
2.2663370079658747,1.9953778655409955,1
-2.4184652072812503,-2.895608486917654,0
2.380836473621476,1.8500512945374539,1
2.0471703045314884,2.7817478742088206,1
-2.0910960770709814,-2.434941244229656,0
3.654384745256369,0.7623177219007129,1
-1.3644776060240038,-2.5580010661822046,0
-2.8508828767385905,-0.09199297746777435,0
1.9043727122446346,1.9424306794499195,1
1.9628076702479134,2.0833187306220577,1
2.1809648606173564,1.503318235792802,1
2.4680707391766656,1.1585524408188652,1
-1.464687378524023,-1.9137430891994098,0
2.2779992134466616,1.5403306844673876,1
-3.5291248736805763,-2.4217603917156976,0
-1.4036886504033657,-1.7158875710570067,0
-1.7324125042871303,-2.333848687011543,0
1.8870302104367755,2.0453423387946863,1
1.5825249129059238,2.617109306898591,1
-2.777408428899486,-1.6919950109127582,0
2.039217664804158,1.2208486345191885,1
-2.433845792884795,-2.7916659295496182,0
0.889750929705752,2.9166502301683117,1
1.8335168400572976,0.8029054304592593,1
2.0210814064287583,1.7758743507637527,1
2.3706500035036338,1.2555545057698505,1
-0.6063629297213089,-1.9880569525659355,0
-1.3181373494845254,-2.0768159021517607,0
-3.083989477211089,-2.190635729627446,0
-2.8885055045832297,-2.4782372233661625,0
-0.17192734801076615,-2.1181187469855915,0
-2.488170109709597,-2.316971562487258,0
2.563999123355842,2.6118434684768177,1
1.6170515881091663,2.031868523614069,1
2.666033682667033,2.3307792715974505,1
3.076657243008645,1.5314158037196186,1
-0.9580568261234093,-1.5874756412002795,0
-2.2922225932989875,-2.391044389384257,0
-1.039251195550549,-2.1726322787456005,0
1.719147997733494,2.4573223176085754,1
2.268595485608683,3.0123563069127828,1
-0.6967279785368803,-2.666296066429254,0
1.512115359471381,1.8535085616787204,1
-1.0841774999919367,-1.1198708626222857,0
2.457555233998163,1.4806306357150576,1
1.222836939893801,1.471497960220975,1
1.1507483469939301,1.7669330415433793,1
-1.4780107110801963,-1.9289098597878551,0
-1.0129136907495275,-0.593640897368626,0
-2.0660589987107083,-1.9052494500983117,0
-1.5456005830505333,-2.0799855208726012,0
1.2906884779551224,2.2481404502509754,1
2.3484643192203984,2.3594102134222483,1
-1.641020029702403,-1.3687795810913752,0
1.5068700694480448,1.3969439979316496,1
2.238124507770867,1.3112381066246708,1
3.3659114669402426,2.1214518208300146,1
-1.5254972814907495,-1.3256258228159838,0
-1.2012609595967638,-2.9463886107249335,0
1.1087740402150046,1.6203310919195704,1
1.2150688200606965,2.8391323106327766,1
2.0413325451405426,3.3269707583415737,1
-1.2791306243016978,-2.5549334863860476,0
-2.6958150365979123,-1.037154149132291,0
-1.4419870048464143,-1.6663683140455958,0
-1.7653349453587228,-2.006130047251015,0
-1.5053076502679394,0.20614014638010048,0
1.4723777702623235,2.586164666961622,1
-2.242986667029325,-1.8099265347137359,0
-2.6777029542849045,-0.6337257745189018,0
2.0583779098076502,1.6078644171503822,1
1.6515497413806335,3.074756561557666,1
1.5512543090653055,1.435815822163542,1
2.4615994639610497,1.7840830077436243,1
1.5196150555667047,1.9516035795813227,1
-1.474496170282491,-3.3441814736687716,0
-2.29999567861915,-2.1805623134739824,0
1.788401695868266,1.6296592542420976,1
-2.6218279909080517,-1.7580027078109752,0
-2.437852679720779,-1.5303033739002347,0
-2.2521904289266126,-2.769149062968433,0
1.8706886969052892,0.9467231186611369,1
-1.0415969764630986,-1.6928067368095079,0
-1.4442656628826263,-1.1597663479585307,0
-1.9747849457293327,-1.8078257193803866,0
-1.6960199525398072,-1.546919819500227,0
3.524000217116167,1.420914695663187,1
2.1252037855124666,1.9577162694153145,1
2.953387447733823,2.6962074387366037,1
-1.5368328930003463,-1.6562804968368583,0
-1.2943576921865507,-1.7666463569689592,0
2.7316855052052045,2.430529531316598,1
1.6327563883186234,2.459925138269803,1
1.745597754110337,1.9574077708507989,1
1.383721847446448,2.3263704083330206,1
-1.5807172649650136,-2.8478452185668695,0
2.152735987315684,1.4625066521339258,1
-1.4701646161256452,-0.7018092912187512,0
1.8439737160087617,1.877264437353206,1
-2.1335456602064884,-1.888734833703071,0
-1.6975950751507525,-0.9844013635623918,0
-2.856505686208916,-1.3647599963312278,0
2.1045584922038674,2.5405744358500564,1
-2.964494571635873,-3.81082699649843,0
2.953232862420805,1.7796836911664142,1
2.6465069560867094,1.2388963635260137,1
1.8132647888939184,2.1763295519249217,1
2.65855366077817,2.4682959476932265,1
0.6916437368009309,0.15010781625652725,1
1.4506610410542349,1.9510280240422515,1
-2.3009207831163323,-3.072751602748225,0
2.977058234996257,1.3878143661512297,1
-1.2478984867028045,-2.628589736920702,0
-2.253801901985613,-1.6047282195220045,0
-1.9997227238041733,-1.5274304626413495,0
-1.5089666233820618,-2.438583221207878,0
1.2572428466269492,2.522620073947018,1
2.385979380622474,2.2292270653957127,1
2.637701723234703,1.441175571139889,1
-1.1579094593030315,-1.637600234180845,0
2.5771545447005324,1.8097724765508771,1
-2.8640983815490686,-1.4683691118280557,0
-2.2592477054644236,-0.5969964773671297,0
-2.6935868571746178,-1.7271788750639725,0
1.073545008163278,1.3548162714229628,1
0.9316788898108368,2.0371293015929,1
1.8816153312461865,0.8774449768947894,1
1.5554121002839207,3.186114093478205,1
2.168521265171127,3.4078646580511256,1
2.649350864063314,2.2816627502512654,1
-1.9805796269355496,-1.3361228526248132,0
2.265064245209786,2.207603058638583,1
-1.4117951916602984,-2.00438520986628,0
1.6894895540487582,2.090955171969843,1
-2.792573327365767,-2.7259029817444618,0
-2.2697516592842595,-3.3423207487856095,0
1.976648626814626,1.6100034312152312,1
2.450891325826947,1.851155464868719,1
1.2067451881639335,0.8844071269955602,1
0.9616005116847832,1.8872297488880803,1
0.9135429022664263,1.8296442320479402,1
-3.2295890082065433,-3.0236846079610835,0
1.7874237063600698,1.337233093917179,1
2.484731038431717,1.5323915949571172,1
-2.1549855619327043,-1.9286445546231303,0
-1.84578808041644,-1.684058009117946,0
2.0060770492168674,1.833341776833832,1
-2.075487932349627,-1.9011776336161907,0
-2.6451312845267516,-1.3163162309289884,0
-2.0127898125752024,-1.9211517427352693,0
-1.1292273723692396,-2.679905821923162,0
3.1586838492524114,2.6263724809389952,1
1.9136946562255857,1.0387994902240956,1
-0.9583531448892426,-2.004500030943983,0
3.1816536029661764,1.4570130051521757,1
-1.8705823213379902,-0.7993293372766523,0
1.2895301060829265,1.2270984266284168,1
-1.999969362871635,-0.872612276796541,0
-2.706880820752507,-2.0052883804126327,0
-1.99899227513401,-1.7041434714369066,0
1.5773549498596398,2.5784672412944603,1
1.6193069544528889,2.1255018280828315,1
2.7228312652828386,2.6881712884728293,1
0.9716375958185854,0.4715163341925337,1
1.9502909671923996,2.3205658960685605,1
3.061506787836851,2.682879557444942,1
2.1995922034501945,2.833798742636945,1
2.3211628371954163,2.226680930264163,1
1.0572312340022623,1.8497166449904763,1
1.9596344955629148,1.4839528423886905,1
-2.5687158357957394,-2.3124333634672736,0
-0.8671603444624445,-0.9362210062426601,0
-2.1140253367717925,-1.8801348349767595,0
-2.475401385958894,-2.7411525733540962,0
-0.7806676198062699,-2.511652513402792,0
-1.9564209186454957,-2.825989089407226,0
1.5743230660638652,2.8195577404367387,1
2.083185956892147,2.6560367984374165,1
-1.8369442093843165,-1.1324924747714866,0
-1.763589191243918,-2.594804159545014,0
-2.203321814991273,-2.5443423288017764,0
1.867710625923174,2.116452496788445,1
-1.5606194339636965,-1.9017363546968171,0
2.3324404707069153,2.500196342223458,1
-0.3638903756066394,-3.1955522679096346,0
-1.365074825183588,-2.089647493896867,0
3.2066385049368624,1.054765924367783,1
-2.6552517095734207,-3.066408474378018,0
-0.8349209195598444,-2.715244865527893,0
-2.2159148831886886,-1.7710471736962243,0
2.5475972823264152,1.0337199869721672,1
1.8950537239271186,1.6564227293961438,1
3.1603451524003634,2.1067486349833247,1
-0.4875925093274418,1.6378982069790824,1
1.9934137991903378,2.426462553977675,1
-2.8951738912503093,-3.082331202191482,0
2.738337572222643,1.1610308421525275,1
-2.4356287747618346,-0.2691732625090717,0
-1.7291590509456332,-0.8413547436640867,0
2.5073330180021647,1.5580829352214354,1
-2.4077030546619587,-2.192120756062083,0
1.0383534144676072,2.1027541735228956,1
1.3488465664153142,2.1777467381486564,1
-1.5173238996767426,-1.673583522435706,0
1.329110746701664,1.633721224149331,1
-1.9878669078543607,-2.516605147941947,0
-2.628547961770154,-0.8973576219581934,0
-0.9031050161875167,-1.8656935758482514,0
-2.39645569120255,-1.5524735743013778,0
2.14480489537716,1.0852336549284058,1
-2.5705732838516995,-2.4089215278714198,0
2.063829476963459,1.1928516010214674,1
2.3198598135531903,3.7746493694747345,1
2.249183699490151,0.7706540186871915,1
-2.0186266577661485,-1.975366281084412,0
-1.9658071116954277,-2.000694447879817,0
-3.341456099363499,-2.2395189105309385,0
-3.4668718000010212,-1.9649379319179034,0
-1.6350083666816546,-2.7917466334994994,0
-2.303339751669854,-2.375626320441731,0
-0.828661074422717,-1.9135973332835685,0
-0.9556949279024054,-1.3231778564585643,0
-1.8569375187281285,-1.8992637770072724,0
2.230401663086059,2.56351160439015,1
2.5080466896574793,1.0533186470651779,1
-2.5148374612599684,-2.5286082982913904,0
-2.480345700892956,-1.2505711823431018,0
-1.7388248559954178,-1.9756869604723586,0
-3.2970146847901085,-2.910453163819139,0
-2.5908036722787533,-2.2426577798460947,0
0.7740917849179854,1.873484980763326,1
-1.653341170003483,-2.2273684487066285,0
1.7082665251053644,1.4878409997973505,1
1.7227467652673836,2.3315951298464133,1
2.854273049271363,2.054977439071376,1
1.6691616264742954,1.8402609676113282,1
2.385275337835262,2.3351465945702516,1
-2.6763337603708166,-1.647850861875585,0
2.8561436409290235,2.7555467333146635,1
2.5449231833968518,2.6459517839212685,1
0.934938808574364,1.6801151518749047,1
-0.8984885239683058,-2.6624897711162854,0
1.8887877602429144,2.545093951773738,1
-1.8116684245424985,-1.7513257468084875,0
1.1127863186179154,2.3313617058787193,1
-3.3828135273639717,-1.8065824637275358,0
-1.3837773441037013,-2.2946634512080317,0
-1.6969692869569104,-2.0675230935148337,0
1.2262009665248081,1.9547261876577366,1
2.093079406190571,1.3211090936348244,1
1.2925641847520977,2.7750320639402606,1
2.9033024755811576,3.0210846139791965,1
-1.8783513600165642,-2.7703277270937097,0
3.4883517747071533,3.5150771126986005,1
-2.2070679118648586,-2.2084393375539673,0
-0.8217022303878918,-2.3493274594061697,0
-2.6003881813724283,-2.1604619007079955,0
0.9359331256529619,3.415100513239993,1
1.5145591454076313,1.6771483724956988,1
-1.7201102505757657,-2.5249555590046886,0
1.834054535800493,2.2170133014168534,1
1.8220725393151975,1.424360765552799,1
1.1770440358789558,1.7818004716375815,1
-3.1549299776809114,-0.8016086234632473,0
0.9411077337214053,2.7331641293589595,1
-0.6259456389114588,-0.6738130476627311,0
1.0852064161649966,1.5730208451983105,1
1.2454273826110986,2.6433735065149966,1
2.6413753692316257,1.34583727353188,1
-3.2601942239424573,-0.9209032806108415,0
1.4423493555577291,1.2221614297539434,1
-1.7481358306584425,-2.875997308506568,0
1.7015034517940213,1.1613833745109292,1
2.6086016020383145,2.871834304128747,1
2.1319129637370597,2.244671165784254,1
-1.7896279882120922,-2.6070876629227344,0
1.8048477543213792,2.132999851608405,1
-3.581843709072862,-1.1729209564240968,0
-2.110212575765922,-1.674306411648138,0
-1.8149139340545404,-2.8119881795412516,0
-3.019180231151301,-2.1710325179305343,0
1.695800096379584,2.9620888338118543,1
-2.0074519024403688,-1.69067244042235,0
-1.1248029506017416,-2.1407223844744943,0
-1.1847574571356054,-1.0423351002804524,0
-2.5396682441400302,-2.4812193776983085,0
2.043487755770727,2.117265740174411,1
-1.4409805901529273,-2.146326670126832,0
1.7482115510446181,1.797473369169939,1
2.783308007484768,1.773185972659398,1
1.8244027754875123,0.7957741588951026,1
-1.629821518361906,-1.7656113143532521,0
1.1242882779379095,2.5838291046488218,1
2.4253320016991466,2.799912190291151,1
3.410783864500046,2.2591332655097247,1
2.767988843495112,3.4450786882848163,1
-2.2819406053384834,-2.930871188848843,0
-1.4952813824000275,-2.1639392935074278,0
-2.4459295513112993,-1.383502914132308,0
1.636562791221591,3.7639909649165393,1
1.3306221334640755,1.965160672219836,1
-2.8884926790991354,-1.759124438847902,0
-1.3511363799740026,-1.8144111295170526,0
2.759105151621374,0.46496694747747136,1
-0.7547343660805643,-2.6163232951569046,0
0.9701706097573857,3.148597632812021,1
0.9446008733417055,1.057818966428997,1
-1.2621247753850198,-1.499567263933036,0
3.3236153234024455,2.46003510252063,1
1.3161699030120726,0.7856691554685076,1
-1.6389220654434349,-1.529436851590296,0
2.5860782691576,4.339133896871432,1
-2.4867625994560973,-2.2146760788771207,0
-1.213079007186435,-2.662316941893618,0
-2.012147005323273,-2.043892632035681,0
-2.2336558157136825,-2.0210394381414982,0
2.991661826822182,3.3872155940783966,1
-2.7670631106898353,-2.1270875946483034,0
-1.7042906931799937,-2.9926923856816474,0
2.028754737852066,2.721556075569518,1
-2.9102962073554473,-2.0408366735836956,0
2.7808892214069365,2.937539332124743,1
3.117354291174424,3.0049599551138395,1
-3.8989231782651013,-2.3228117487983715,0
1.9851070703636884,1.9396343735686872,1
-1.2652249287379114,-2.926692073521097,0
-1.6749148917479793,-2.0774732228816006,0
-0.17864946351590327,-1.0685501295200943,0
1.4634372547135763,1.8053809249927961,1
2.0923807161284116,2.3920015825211123,1
-2.0339913148596476,-1.0152672665447295,0
-1.7562398873366694,-3.4413294991261356,0
-3.5211371125767297,-1.4588838695638384,0
-0.7159989338874739,-0.6973190545673478,0
-2.385975106079298,-2.2521677117988856,0
-1.9186081464199942,-2.747706847775169,0
2.4652300624215076,1.6420525296821264,1
1.0358912560984166,1.9949190100183536,1
1.4555211282080136,2.4946244122302903,1
1.1801027222355298,1.5667790258309662,1
0.930541019102326,2.738543807933004,1
1.6096167787984461,2.5103583935833496,1
2.6161408241123496,2.828509929559471,1
2.6242821111624934,2.029631656627438,1
2.639244577178666,1.6969453300135153,1
-2.0724088943354757,-1.4901581298468138,0
1.8644787566072507,2.853562516590779,1
-2.066948053342618,-1.3402149315109047,0
2.3771268340158356,2.39184653782456,1
-1.5140685688677784,-2.6465915852025166,0
2.5130691446624036,0.2774012421847103,1
3.129988512556805,2.021984778593611,1
-1.6690697072495875,-2.0322259922365244,0
1.828082098887029,0.7407749314511294,1
-1.3259994722787853,-2.263092214412799,0
1.448920386255545,2.0877718577463242,1
-1.4371123995354789,-1.0132342609028777,0
-4.022731818393382,-2.942903495033401,0
1.7632234833952283,2.331022197425128,1
2.2363094468627245,1.8408484780647265,1
1.4076431267087233,3.059225902277298,1
1.3466330851626034,2.338123936535718,1
-2.786594974093676,-0.8052899904603608,0
2.1856042311688015,2.1088861459123214,1
1.1471751896849156,1.467851139920696,1
-1.9188388898115694,-1.3798570846673566,0
2.0923982760264477,2.323545916462311,1
2.691831825990721,1.4278770056309829,1
1.7866638458573096,2.8385617476529124,1
1.2639588229008463,2.6530237724943255,1
2.1972425647238243,2.3313122558141415,1
-1.8842041867495773,-2.846165243870365,0
1.35694916571992,2.35032251823221,1
1.3374622924214203,2.121250281411651,1
-0.6604459401806575,-3.0904916761101067,0
1.4339717710152136,2.2964186131242705,1
-2.7787360958428255,-3.0162146160178116,0
2.924527935341713,1.293637760103108,1
2.567102144507494,2.1346064758045897,1
0.355300226450197,2.6540699443284512,1
-2.3558545435361093,-2.126249255571984,0
1.7547045580796672,1.766498978717312,1
-1.3034603606145083,-2.0885593819416433,0
-2.376664803093475,-2.0115671423376456,0
2.455570567255984,1.0849252238654374,1
-0.49581321326666505,-1.8664617754089412,0
1.5065435549141446,1.142561631080273,1
-2.07876288328359,-1.9603274214564674,0
-2.4515519699923134,-1.6528966403844876,0
-0.8780299102579634,-1.36869721178691,0
-0.6566625208172177,-2.818144067196482,0
-2.553821965502144,-1.4896399241030682,0
-1.4118258077814403,-2.1047664269855857,0
2.3827334761199714,2.863109871682683,1
1.8667195424861422,1.5913220680524924,1
-1.8849488678514874,-1.345038064006557,0
2.2428972968503467,1.621165407814039,1
-0.7063673351445461,-1.9286801641665516,0
1.019460546826747,2.998152669677313,1
2.5997811271111346,1.5554897763100906,1
-1.9545679016855328,-0.8090379912622989,0
2.1203152074149703,2.705640928438056,1
2.793427005993161,3.4733123101854124,1
-1.6775991715235026,-2.5312154815124983,0
1.3322362273951402,2.221734740883862,1
-1.5593152692977126,-2.041694448358496,0
-3.2140374191058476,-1.8055270973902253,0
1.0452163718052028,2.572873379037037,1
3.7311213546266906,2.395382510254039,1
1.620598590199347,1.5514086213598184,1
3.0759809790855575,2.0758717191392306,1
1.3084249813356816,1.065566212885615,1
2.6768250352177865,1.7652888448350705,1
-2.0330036821692525,-1.2135936530892313,0
-2.377122183591558,-1.6460445232358603,0
-2.4912057181439975,-1.5315761309238438,0
-2.495173694678585,-0.8467377670418132,0
0.9803760503827215,2.398849600091612,1
-1.626390094065904,-3.0756274869858244,0
2.5108452068017906,1.7573245976460488,1
-1.6591054804742973,-1.7052793128413557,0
2.179181499897732,3.0682120987099903,1
-2.520233467236884,-1.0207554751436339,0
3.1988161872002814,1.806333398645566,1
1.2964939718374828,2.8398096929161176,1
1.941551370334211,2.1683861934130797,1
2.977070027132291,2.2168717947201966,1
-1.9611237530591108,-2.548597403641031,0
-2.011134402452094,-2.312432226834611,0
-2.11651161283503,-0.36099376406297146,0
1.4382290584914112,3.0537111877996352,1
-2.4503635502942425,-1.7210497276205685,0
-1.632646139223778,-1.1876999377543358,0
0.7301501573916103,2.997939449434031,1
2.7276678623608914,1.3704852053913676,1
1.3440598365414242,2.3448069892417793,1
-1.9282703764227105,-1.9829419282747915,0
-1.5293334203192757,-2.27996633070363,0
3.0703466782463407,2.1371094042686325,1
-1.9495852225250672,-2.475589587924697,0
-1.8379171069869618,-2.478218248751587,0
-1.727217731631311,-2.391762448171016,0
-3.04729888854759,-2.838686987991399,0
-2.282635159824912,-0.9189735228224443,0
0.9952415291894008,1.8928015429844525,1
-1.9580277962390924,-1.8417978536885609,0
1.4276775047680506,2.3209840116330183,1
-0.9670213714947475,-1.3832858819356497,0
-2.0584636529646945,-3.033591598045856,0
-1.7123858984417422,-2.035673639419969,0
-2.63818578489785,-2.0518257950511254,0
-2.1033351509374563,-1.674239444457453,0
2.257639296661974,3.341264143506166,1
2.4162195647310583,3.2341285343872443,1
-2.5203843493554166,-1.5638789874036947,0
2.510176099252617,2.6841547945464845,1
-1.4030482577447372,-2.710826998310306,0
-1.2540043131304217,-2.144439288804866,0
-2.7831321247502645,-0.9052180445234843,0
-2.1361090439321795,-2.480849186920627,0
2.393879950899999,3.1963060517443576,1
2.8892594346552443,1.631993781958272,1
1.3728547147089456,2.4519858170803386,1
2.758978188867765,2.582473015272489,1
1.180821025372238,2.6292250133845942,1
-1.86777241352169,-2.2328890472249747,0
-2.5810018229304643,-2.179208752255529,0
1.9040269644423404,2.0987179053329106,1
-2.0915289693861925,-2.2301389013298087,0
1.3738552100949382,2.190410550889538,1
-1.7790083498700078,-1.9175816600063689,0
2.38171799483173,3.7438036086116737,1
2.0811278892666083,0.5364092556211737,1
-0.8802369402273222,-1.0372737103397482,0
1.821992045781476,0.24560120501458593,1
2.5317401653591745,3.2445219245659054,1
1.728873667924872,1.3690226668087002,1
-1.6761697161472788,-1.050521951703205,0
2.171584449210536,2.1812804502702945,1
1.9423920780709567,2.0316657294894664,1
3.507224655518258,1.9461376876419452,1
-2.1112447711357647,-2.1938286345114735,0
-1.927567065481303,-2.3664568617349224,0
1.6866735163490538,1.8902761327720539,1
0.8004372323203939,1.3879812977444645,1
1.5678141963242624,1.319264158770908,1
1.958989092731099,1.5536969680796684,1
-2.0889506219840386,-2.880107389307188,0
0.9270442199459474,1.8337385295649131,1
-1.8722096450316261,-2.7104417437126993,0
-3.016379146341027,-1.5413829648243005,0
2.524486847325222,0.13628030613664488,1
2.569169663231606,1.6142893170896622,1
1.0199398912788153,2.7749805788837403,1
1.8702083144725465,2.2638768329259444,1
-3.371141335698527,-1.8239664466786303,0
-2.7085953363957254,-0.9013802699567541,0
-2.3101513932243223,-1.7881795212624798,0
-1.4897434497610522,-2.3018436717072874,0
-2.768417075516689,-1.543523288060849,0
-1.0828007209377213,-3.0762800456920387,0
-1.61259929862836,-3.3361061874991207,0
-1.4008220034181613,-1.0367532597310967,0
2.202152213602115,1.8754450742293822,1
2.166283989496737,2.589984049232882,1
-2.894704723437615,-1.8121920965386717,0
-2.377525127391479,-2.4466517695209338,0
-2.534385412310377,-2.3558220697769525,0
-2.3015032179453856,-2.263499364546532,0
2.5083040163018437,0.7453105949825114,1
1.526649382404151,1.5172745316026925,1
-2.8436330745310148,-2.94866205263599,0
1.641420854319145,1.272499982666941,1
0.8876043744872493,1.8033723246981788,1
-1.7821580467139762,-1.9783647828130397,0
2.3339194755391075,4.1559996007047,1
1.1232869235270222,2.450552131372608,1
1.8607871106152545,1.9617760957056356,1
-2.5210006383905608,-2.5595032544691088,0
-2.9101140156729386,-2.672843938293584,0
-1.6997636234286628,-1.4706598509431477,0
1.3935479262275172,1.887743914042615,1
-2.7040426873782892,-2.49155396961861,0
0.9803363575466835,1.8354840056293675,1
-3.219064887731701,-2.5578812692750255,0
-2.1009319713844663,-1.1076544179652932,0
-2.0306775751219868,-0.8373220856722223,0
-2.0780967362128604,-3.096448246883185,0
2.83321398287899,1.2372225771302374,1
-1.2657379566133464,-2.4375807420604105,0
2.2768926488717702,1.7584481320946697,1
1.966438504783762,1.5517674292124677,1
1.9840086189166224,2.4546759918317296,1
-2.036731959266543,-2.982974508149734,0
-1.9318662046556159,-3.368431430859961,0
-1.468767717884079,-2.4017894702138607,0
2.7143316310127643,2.654017103787908,1
1.8388629195892512,2.1259446991843993,1
-2.130071040477406,-1.0362419148123947,0
-1.5845471680405279,-2.565065307293221,0
2.5144180664268516,1.0773746096843397,1
2.2335833682616304,2.5232370360651064,1
3.406733630263279,2.7249132249227586,1
1.681622816035838,1.0934503679255747,1
-1.531762403364647,-2.5925300306036227,0
1.8183137402024145,1.290722434964651,1
1.9586224891497481,2.4789363121755428,1
1.8509079161139539,1.2140826391669486,1
-2.451751607601201,-1.569958366818269,0
-2.3488492871538647,-2.157705873907662,0
-1.776347144999447,-2.6096145269860997,0
-2.6371147792695764,-1.200604547836544,0
1.355088852035157,2.022863516611523,1
-1.5116631297181853,-1.0149560586354127,0
2.7308728264617406,1.6545579729103403,1
-2.4489978346476753,-1.6950944254035316,0
-1.8252516367799076,-2.1445490899519406,0
-1.7234762488572293,-1.2917090148148753,0
1.4443151759215556,2.1567059899156416,1
-0.9548237173313909,-3.3630122063037335,0
-2.1135086107647485,-1.9625110813811184,0
-2.5687468375903317,-2.814196922593069,0
-1.4364673522632445,-3.016962482580723,0
-0.516191541409716,-2.398827084027713,0
-1.6180465577156926,-1.9657356562057724,0
-1.119786893147234,-1.625968879671736,0
-0.8836835352122085,-2.168822620316328,0
1.242460093105529,1.3520983277230583,1
-1.3458701297112272,-1.062463648900469,0
0.6626022298706831,1.8604974010433428,1
2.244707345201526,1.7433250687277833,1
-3.009684726521302,-4.011959982072258,0
-2.0739331997923696,-3.202259206040174,0
-0.8025952369882188,0.12351820348299114,0
-2.4524376938858805,-1.3838036756925645,0
2.5771078539591272,2.2385253967402683,1
-1.984018109874906,-0.9771421238349618,0
-2.41091417825652,-0.9927681862956719,0
-2.565733122670805,-1.5918201445633604,0
-1.8809344591439705,-3.305936507477987,0
1.5449098712159146,2.351165102809253,1
1.1395691708159892,1.9587763661265665,1
-1.8222084829216303,-1.4634487352217564,0
-2.762183576657572,-2.598429890593599,0
-2.3752753762518477,-1.4083641572094554,0
-1.9376686083801462,-2.9412616022194706,0
-2.252471223307285,-1.726303820311259,0
0.8270561796012386,1.8128898237779532,1
-1.3281054495709,-1.8323583542757396,0
1.743991932733325,2.9477571591823506,1
0.809581905321306,3.173251424995941,1
1.5887267181657094,2.132569813658498,1
1.7791320642876491,1.8153670813729041,1
-2.4069846964120987,-3.089371442773416,0
-2.2663282408907937,-2.4260197162047077,0
1.6727310230048407,1.2678625252551514,1
2.161827523160124,2.0246596104357244,1
-1.7261632475255368,-3.1501075612535967,0
2.2006438786311997,2.423412128279449,1
3.0299590420973663,1.3371841145646162,1
1.7216148060612673,0.8381207128475991,1
1.619397989699939,2.8453812807687644,1
1.9483638342171492,3.474609630379239,1
-1.9148354069916171,-1.9005892148042032,0
-1.249210601605884,-1.2341207509850507,0
-2.7616144572760635,-1.1718611667311212,0
1.4980275781674517,2.233077875508441,1
1.7175016353792123,2.1162877589358438,1
-2.6348608502580095,-1.6803820780363006,0
-2.2395027651170953,-2.816463097110359,0
-2.0938355704171823,-2.929262049804001,0
1.542131623809386,1.6893937669927872,1
1.0865602213165653,1.4993101604056047,1
-1.3769687878801393,-3.111197401153442,0
-1.5247758040355506,-1.6989410291897784,0
-2.696534904351388,-2.1530386791585556,0
1.6951055288184063,1.1941741927025853,1
0.18444615371504014,2.1911525055503334,1
-3.3883311554105164,-1.8004471962353108,0
-1.1911588844766117,-1.0975387743406935,0
-1.5440063789898888,-0.6220935577475055,0
-1.710835737019089,-2.610707822281825,0
3.4993389021582364,2.0200497974735927,1
-2.721922259284818,-1.939378390460291,0
-2.2687161355806724,-1.963137119693029,0
0.23694628154386943,1.9729522571635214,1
1.7374664476134942,1.3045413702355892,1
-2.2204549054345217,-2.657607404886228,0
1.5343855922159522,2.5539720926086926,1
2.398926942355179,0.13872812016344094,1
-1.5940642850428703,-2.631153269694533,0
2.059864873265846,3.3189132485429953,1
-2.1984262025071026,-2.191145026072858,0
0.33098765872638736,1.7791552724324002,1
-0.8091542737272843,-1.2975260181644463,0
1.6640980408819643,2.142699075593839,1
1.6770249217878272,2.0798309629480345,1
0.783288940895231,2.242922341789119,1
2.8588083859542754,2.7403130559158004,1
-2.275337925053691,-2.0259320383767316,0
-2.1189219370439583,-2.6486089734105627,0
1.7826166344972831,2.2699730631942496,1
1.567527261186245,3.8967404295628523,1
-1.4076607815416895,-2.0461804320627524,0
-1.6155741518927256,-3.012239880944745,0
-1.2413321604138545,-2.0394935870634257,0
-2.1839391375175143,-2.2198859432999924,0
1.135945637582971,0.6698776727219151,1
2.5974907814591464,2.260518457646777,1
0.9756175106839466,2.2859766028860684,1
1.6695071869908398,1.4933726681267432,1
-2.6461101943835184,-1.9184382988894155,0
-2.0758448541791537,-1.667967975574394,0
-2.3372772738530343,-1.1704883334106855,0
2.125607315659624,1.2644016805378635,1
2.8163333323983135,2.4145827486525193,1
2.1725756279599535,2.678481074790601,1
1.3460270559563665,1.620283216030244,1
-2.2000306086080097,-2.798739859505874,0
-1.1529242232220602,-2.0134206658431926,0
-1.8109836675358828,-2.4143068132499343,0
-2.166396728338107,-2.1812123538789217,0
2.7345527636358966,1.1565350739524738,1
-0.23313462560491227,-2.0927705582095637,0
2.3791964083297232,1.2579970014211437,1
-1.186956165873662,-1.339062564700809,0
2.372342039782773,2.0067309583799164,1
2.1158210830488704,2.2299539436593685,1
-1.7750219593829415,-2.748218148801806,0
-2.5322498652725027,-2.75815303929381,0
-1.9373423460472128,-2.3413736029387073,0
-2.8200799829920196,-1.040455489188173,0
2.396701455165752,1.3427921530330786,1
-1.9463436173212747,-1.9604881455761238,0
-3.18183066063392,-1.3484989994659804,0
1.3300783796077869,1.9813990072117802,1
1.2748794724040728,3.970151330814896,1
-2.196403606699644,-1.3384353881357496,0
-2.050179631111553,-2.1237734658505074,0
0.4919961856619608,1.9089002354326337,1
2.6134915781555357,1.5690605958458514,1
1.1736295636824168,1.506956371291382,1
0.9807327972312707,1.5683475597304137,1
2.7664509093621463,1.1730692575299697,1
1.7119103942232132,2.3443281615257776,1
-2.7343050572984247,-1.6265174186151465,0
-2.069136717439212,-1.754312137643713,0
2.651206439856785,0.6885714727357664,1
-2.0681657481837514,-2.0098900734357867,0
-2.3889365307076424,-2.260866095095427,0
1.4223913797102852,1.687350101629729,1
-2.719055276077407,-2.107878002401453,0
-1.5614780812151172,-2.5977066982641364,0
1.734239063734003,1.7002652491117263,1
1.9643133378451398,0.8885457939220387,1
0.749184281630588,1.9758116764336122,1
2.259222422511002,1.5234022565974,1
-2.910841461465557,-2.786817868041533,0
0.8076985006123227,1.4812123210418373,1
-2.9799866359638587,-1.975066472375007,0
0.7973300638795935,2.2731694248842773,1
-1.0128150543981995,-1.603488057720205,0
1.6599599130280418,1.6751428237538848,1
1.7892655838918763,1.1209557220526878,1
-2.0051517724540227,-2.2878714081662,0
2.1880146673852847,2.2777553082127002,1
-2.540624196887977,-1.1868426775073941,0
-2.264543613811659,-1.3148343906842779,0
1.7299156808264256,2.4419207047053275,1
-1.637659748774636,-2.3329796715510347,0
1.8050652735706467,0.1647632857872361,1
1.4136889171578555,2.403663224582984,1
2.669852373274562,0.9746206424032904,1
-1.3611490821692418,-2.238713437049184,0
1.8232925216958056,2.4302643574915086,1
4.098640028628953,0.7589606498936414,1
-2.3617211428257483,-2.4550356054282796,0
-1.2480679017104772,-1.496010394383719,0
-2.357552292000389,-1.5143875607526471,0
-1.9829374653964287,-1.0291598606779506,0
-1.4192085917157553,-1.6165310230424046,0
-1.7712700064143936,-1.1678538962686678,0
-2.5379402450349637,-1.9946999029782488,0
-2.5398922521108656,-1.821996440516716,0
-2.725576728436375,-1.8571069188144276,0
1.3567921948616142,2.842937610577928,1
1.4687027449230985,1.814102963055147,1
3.323788217593774,1.4693223372265871,1
-2.943134475393856,-1.0681991586344357,0
-1.92680964679198,-2.2430377681049936,0
-1.6741062405119282,-3.105777273552182,0
-2.812911855119032,-1.6317340297114806,0
2.4061578291758505,2.460740317607556,1
-1.9183158290092355,-1.2695996372819554,0
1.8859268265892086,2.293710124924092,1
-2.357721986717192,-2.373190226292488,0
-2.8679466579374773,-0.9341341388642221,0
1.9497311653703269,1.3792070970486052,1
2.7322137975716583,2.1748173149024668,1
1.6030871266309399,1.323537330935242,1
-1.6574359373332652,-2.051252248639818,0
-1.9201023636048822,-2.865673159165124,0
2.3960971037338203,1.4376423334275445,1
3.1607040884699202,2.6743726074065215,1
1.8043149625449795,2.6035047465789427,1
-2.607918155666821,-2.8832210117759773,0
2.0084591636782885,2.2943510242051404,1
3.141137118084386,1.9752159270201937,1
2.061024756987465,1.70741613073569,1
-2.8343660430844686,-2.060587821379243,0
1.6942553622376733,1.6111195817892372,1
2.1175580117938266,1.280114670584704,1
1.2209460731561537,1.5964625840117859,1
-1.6465641527032004,-0.9261023962496855,0
-1.3079840951671615,-2.636642395476556,0
1.7703656027213812,1.0313454167896206,1
-2.391982126931961,-1.6664909418406881,0
1.7575399596915064,1.4085488990684265,1
-1.0836297769796301,-1.2090660543464913,0
1.3194591720400954,0.22187170149911362,1
-1.1005229024742795,-3.463425966995996,0
-1.9974155158646378,-1.6999408271205958,0
-2.1773636561512295,-1.9203754990811797,0
-1.697686507251063,-1.3095619717628044,0
-0.6848827004050579,-1.5292683253499553,0
-3.1806652215051265,-2.1290752256791343,0
2.5890686870192225,3.1057625283867956,1
-2.5617484825164945,-1.5109062396471669,0
1.09740684163036,2.320313003587679,1
-2.239536260909126,-0.4246699132024132,0
2.1148103246092003,1.2949641674619754,1
-1.5901316502901757,-1.5994343723838385,0
-0.8057795299392414,-0.4919539574023897,0
1.5452333549185364,0.9229964089896268,1
-1.6399436166872219,-0.7077440882743207,0
-2.845348537013721,-2.043413080430058,0
-0.7158846115192055,-1.3536869564130578,0
3.4536662565006413,2.1911632971333943,1
-0.9945787122947449,-0.7402267572832009,0
-2.2739103278083763,-2.0227570451414603,0
-2.069084607660899,-2.462493313594911,0
3.1521038088970768,1.9628092241423842,1
2.391181068696592,3.414880421997373,1
3.073338584972187,2.0945343119153734,1
-3.168971935631382,-1.3194675648081828,0
-1.3541289393052844,-2.0376842900746754,0
3.806655695118641,2.182149787063867,1
-1.78677490937734,-1.0595042797899388,0
3.061608471655653,-0.010061699158508297,1
-1.8518721838624037,-1.3280952877315928,0
1.970909633012915,2.6040796557746404,1
1.6651572936733383,1.9796432161198025,1
2.3430910167454044,1.9218615938676904,1
3.1141546444493526,2.359625768326701,1
2.4286824200361843,0.5288968636916602,1
2.8443683051449877,2.156500933117651,1
2.2636295003383937,2.3993709967745795,1
-2.5270248077169963,-1.181717754158163,0
-1.7197944605224846,-1.495357301356165,0
2.075583325877923,2.459292414568745,1
1.6068522919060053,3.240247166503594,1
2.0670402821279428,0.8413045319456702,1
1.9134901090264071,2.7350479812968325,1
-2.812973894289649,-1.8677573810486041,0
0.6507563339994238,2.474289886658544,1
-0.7110355836144191,-1.2535774730582414,0
1.9547163318177927,2.4968376741767675,1
1.6150966294110383,1.3209415332468486,1
-2.469698041595273,-3.1650453276341364,0
-1.9132373326465715,-2.4506607518893104,0
-0.7569048447826432,-2.2811989525874656,0
-2.1648835637936235,-2.179629200185312,0
2.4941961110738275,1.9190940300034989,1
-1.8565879309757003,-2.5364526041325592,0
1.699223766606156,1.5174404937112684,1
-1.616995479285012,-0.10224502160692639,0
1.8144666043365705,1.478439043840173,1
-2.141905250633656,-1.8448880876426657,0
2.4881678910184943,1.542741894050919,1
-1.957757992584811,-2.6133170592014636,0
-2.176893242435165,-0.3319244998726578,0
3.4383818114262192,0.8760439790326171,1
1.3982187184247783,2.3272577090980078,1
1.9414191201750746,1.449523413827554,1
0.5050656653453482,2.24303302887313,1
-1.5695413602410235,-1.94004866932194,0
-1.6270996431426512,-3.018070006975308,0
2.225619679286242,1.9473059443933904,1
-1.272468007822942,-1.4133422567107918,0
-2.4384619175738935,-1.832930868308832,0
0.8676052528604721,2.6890777909641774,1
0.9287557863138913,1.6740273188475745,1
-0.3150330957301086,-2.0519134565013304,0
1.494156465287508,1.0764151646885018,1
1.658610209222454,1.9505501654196422,1
-2.1259418359374296,-1.3483947761762873,0
-2.163880762941477,-2.3527085575669013,0
-1.3207334810661593,-1.4035032917019563,0
-1.940093665009046,-1.1910435340889087,0
2.206661121950719,2.109477960154805,1
-2.308104904576736,-2.652392920750504,0
-0.9085405804610156,-2.3582374796107293,0
-2.315703609070409,-1.539433746948046,0
-1.3871475313474768,-2.7185392393697394,0
-1.6239067591336727,-3.3247298022187826,0
-1.749022355710725,-1.007973240804487,0
-3.1400412060132155,-1.4015249391054438,0
2.654963305740566,1.9268564909114034,1
0.8475003274866795,2.0150778487190792,1
1.4984056359364697,2.0437425281774777,1
2.0286384822213073,0.7555855429369382,1
-1.630216166961435,-1.734724049058688,0
3.4537984025074,2.2427028088584446,1
-1.8189163697437518,-0.7400553130132774,0
-1.2209667435427027,-2.355900377318764,0
2.1808388086906225,2.342374197170542,1
1.7358132183501347,2.7813900128653,1
-3.2002562828570884,-2.578222397914379,0
-2.1556812057590076,-3.108330063419987,0
2.8916053673110795,2.916623342152288,1
1.5359439072445595,1.677034513572481,1
-2.7916289008793083,-2.679199105482283,0
1.5095569378802958,1.4145998631284562,1
2.5680581085917216,1.0230886088712718,1
1.9681737438361553,3.689783524985158,1
-2.801003444807695,-2.6406295266318045,0
1.4955186834119973,1.4964927642353558,1
