x1,x2,x3,y
-4.366603957647772,1.9790914852087473,7.726634455251229,62.44401500440821
-9.594777005031984,4.561252799046587,-1.4422113409264057,-35.73269223612026
2.4196232129789017,-2.7442932702479927,1.5462886466786188,46.93092311815052
-8.995269723444956,-4.584294143272545,-6.492864574026669,-35.33819230698184
5.795871368162462,-3.6080596750269898,19.544625616375562,212.5854964002013
-5.355297834837291,-3.9491639781861023,8.777023872833048,133.6319128117083
-5.921555630913553,-3.1727096514638395,-15.016016795500725,-70.43482406332501
8.580091030689182,3.019795359125217,18.276349808915754,182.4956934524776
8.724538086872247,1.5985838747351657,-16.574047990659423,-115.34200469723376
6.026441930856993,1.2012797399517696,-8.418720770986123,-55.08714071255038
-9.525552303341742,-0.15353856954847256,-8.178202959461256,-56.39595795229282
2.495269817341974,-4.345744455024735,13.86685555731858,151.63379861138512
-3.8900674262863006,-4.406561365428626,16.47837780654841,152.53784555833553
4.48097668313242,-0.9599929548603345,-0.05355056942687497,47.12252434929466
-8.69028713734895,3.192200998248188,-16.227327021466852,-151.27989433735468
-7.5673435747790645,-2.9701547948235687,-0.361740730531249,5.6149321652910835
-3.607289817912582,-3.6162500293529987,12.26588906953458,126.39885211467134
3.6708957557563124,1.9065649818704067,-14.106303253116458,-95.53097947509112
-5.476984745193043,-3.5389880113320915,18.524847528175243,173.34739330387117
-5.092779500006643,3.5486007013223784,7.908863946727415,56.42356488118767
-6.346172936082144,1.9604588596691777,11.799217991434531,125.21342656482356
-4.258059835485661,4.858648492056277,0.5703161722803785,-12.909947632805224
8.215481687756988,3.5072801762047146,9.500149572002606,120.43505807509138
7.354932392988065,3.568366276461056,-2.199987966443434,15.611160145126881
6.789521889947082,1.0415318699773577,-17.695037848666182,-89.11973719463599
8.794750964390467,-1.7952488336864105,-6.581583170622398,-14.183084335071467
6.0099145400405405,3.937000436204002,15.32833781255971,141.79886287388996
7.688736182942371,2.555979552690805,7.85332855427005,92.02883812578611
5.2303457787428105,-4.730250533564053,17.704399885584323,174.82767792008397
1.6715204206194816,-4.840609958513404,-3.745649936379671,65.56278826682916
-1.6867996741927023,-4.075663333474747,-1.740039090602398,36.57776046443439
-2.6423072294075833,3.1688282139805004,-10.276698940493421,-98.47867258858292
-8.385741337371535,3.6251158872250056,-11.974861501292873,-105.47210514240109
9.143638612041428,-2.348687294463044,7.413107131322903,87.86206617097199
-7.0846016138013335,-4.433567104242275,-18.315652870040164,-97.80195058833576
-2.0374630351037766,-4.624073083502044,17.94356354647946,165.4469850395715
-6.234925203661481,-1.0761789161885913,-12.370301531268346,-57.39636383646395
-8.07187817860073,1.555189408490076,-7.72605632070016,-56.92767109030929
3.5945064472489854,1.446596947796733,18.242040018059754,165.0594983433193
4.298404071731266,1.7650516061174777,19.3353333998555,179.79481548413918
9.540228032343965,4.474416461602711,-19.003648508006172,-148.33590065753393
3.1774533252118218,-2.907072444265345,8.527522099244159,118.20804467586599
-7.998848739838027,-1.9395350665610422,15.989647443265767,146.53391889988555
2.6186703994982388,4.604511662894664,-19.81805799388228,-162.92311135105786
-6.979858383237589,-1.4508572069618255,-17.703771211585646,-88.31859725161029
1.7048624384671385,4.305773508476019,-4.856619033724506,-56.37868615400909
-3.4995645580021595,0.3778199855577311,19.251454452543783,174.49399277214312
5.774723168833535,-3.1488605154943206,17.110736040003324,181.56862165680934
2.653014062702157,-0.04231745528568176,18.59473709155136,159.62740806211121
-2.8862894248558995,3.283476704110548,15.801641811682451,113.1223855536512
-7.706950898840253,3.337313250195841,5.498903493020052,48.0067987769679
-9.598625759446744,-2.0511362235460586,-12.579776716011594,-92.56509478224383
6.548798921721154,3.5685799314080455,2.8442849189971824,61.252053604199894
5.594083504462839,0.933251520676639,11.273820417690263,120.00900094480237
7.658130804240848,1.1840639904488315,-5.877480132986811,-5.541465576719887
4.257216301965098,4.142622531051064,0.2539018097854431,31.738833592835736
5.584871334051996,-0.6631810488092027,10.07994460183653,137.56657446978954
2.6497425987618595,1.1402289598278053,6.441215327876652,54.759295121912984
5.949104478843985,-3.938872145527644,-16.145798224603123,-97.88110646244942
-8.696346045423484,-4.51397035436848,9.298048635830725,112.58188467739011
-9.939361820383812,0.22818368346043005,-5.3216928492556725,-47.32104744248245
1.04587629942891,3.1790368074177877,0.55203563362452,9.765566774962668
-6.6924169836203795,4.436545697399678,1.9321908567596005,23.721413553176376
-8.824274366658347,0.3745482209127582,-13.293275696706361,-127.99536801524548
6.352864687950042,0.6713061376777896,-7.646407706473424,-31.325736493426223
-8.769343354469132,0.3404686105830077,-18.14270753728848,-178.77094188912275
8.65045491756878,-4.451277632847402,-4.050319263058952,15.530086491288039
0.09779286945372334,4.1846823640619135,9.240826810213388,64.65642785594397
2.0710227305992053,1.092557739334838,14.149330648227469,154.1140339248161
-4.728619381760932,-2.077707221110261,4.700170746950288,60.72175775268731
-9.470377379031724,2.798785921072535,0.9109081822296972,-21.08098135325292
-3.0954494529820646,1.9016140461349202,-6.199951903314865,-36.447030299695165
0.7811463880828562,-2.806468755584044,-19.871176228751743,-134.81027285796014
-4.634169363306906,3.299096035624604,14.63978876265034,121.89258514358615
3.848652433367123,-0.3458072341572125,-0.012163389317269235,36.045364394161794
2.348955016062595,-1.25307226385278,-6.798567375039086,-0.713700655543164
3.2690906070056354,-1.597754139594442,4.303929607016769,91.30770283158199
-2.737622442676699,0.3609834241677916,-4.036922390798132,-2.822126550678533
7.076362944511516,4.974289145481196,8.703777209680496,97.98007893249735
6.332493262194021,-0.5594324481565742,-19.859923128057623,-142.19675551558328
-0.18303324170716806,0.3843760351623704,11.507480375930452,116.99915079578957
-8.641660423053882,-3.207495722595739,-9.132207565192218,-77.17688120478921
6.371109515654641,-4.036040161978011,19.947900944426678,222.01275505460285
3.8887768487155334,-2.3540754016916154,-3.706069476865153,-16.89599715589506
6.836156558048948,1.1068642411310927,-15.547604054124808,-90.85878595045318
-2.5405445013154786,1.7854298698002875,-5.201684946784905,-17.532608300225895
-3.6290851379278184,-4.554674174479921,3.385542784570127,56.09278178871024
-9.715310174600644,2.027961379088527,-1.2783371237382255,20.63510211370994
0.4483770191176468,-4.1808906439308755,-19.22322805156629,-164.25107568290838
1.8427047785437267,-3.4512857506205563,2.0327390073313225,84.19740816924795
-9.366745328030785,-2.355988569906602,8.036469383291962,79.08316998442879
-1.7996646310742825,-4.997793035524855,13.287507939005849,156.3761754894888
2.466514829895898,3.38542634703367,15.751483754184882,149.31378414859617
-5.77093393478812,2.106394037170686,4.601503369559378,32.23065849782458
-3.9377746034277443,3.420392129562714,5.580084041796848,-0.5734188007965813
6.04958924916701,-3.249676121234264,13.17866996405008,118.80341676120872
1.0129632347058042,2.8505425847874175,8.51834042804068,69.38504506398367
1.566958766237292,4.922921031552997,7.961967630208655,64.71552514921294
0.9590350000785275,2.571720250303448,2.7058130396440205,17.231433811433263
-1.7723918070783,-1.5450009165581324,-14.538872772733793,-98.46193443146586
-4.652953319242005,1.4667830769698655,-17.8354642795259,-160.3759989879566
-0.6664547400739806,2.5441640268361665,-17.982948175379384,-109.41962816369059
-0.4913180195435647,-0.7340252479332143,-17.52237899456035,-122.51216017235755
7.190530963418354,-2.78198566746517,-8.744667681044053,-19.688579108298107
9.100586567134947,2.855389405957953,-11.244849122696428,-94.48335351698748
5.59823765800118,-1.2205639603909155,7.166339221720502,99.96951183278335
-3.9380981564876265,3.8525961426251882,0.10775777875959847,-2.3168552887302774
8.207638664920442,3.9451045345034554,18.254244025649157,163.07008710008475
2.7822523531582366,0.07880644029562944,4.170975187459241,67.71398259929255
-6.872282939743714,-4.624095030422149,-4.080589997266371,6.697804931171955
-5.333700593429615,3.796968333144381,-9.79824652285458,-91.74218742243818
1.053021448732519,-3.6310803358207067,-1.7947682515127994,17.1144563119451
-1.8115841963481287,-4.66062354133951,0.7300897349013411,36.972288945963065
0.9504749913106636,4.979587744201872,-1.95768622123839,-12.036132218177663
-4.263317427581244,-1.4421521963932271,-1.1800064361028184,-0.7784645622841104
-0.3300143078605178,4.591209193412455,-1.1779031383993654,-55.37597688977508
-7.828027460757414,0.06827452594563965,13.53779194574102,135.27644482209857
1.4717356237504013,-0.16267033047023105,-5.411137665196506,-27.686567024295677
-7.805909056166551,4.347782774798363,15.234735320446397,139.11471261262946
4.212822238728876,0.6455669351930071,0.3311027287166368,46.98559874894759
4.1337376447073755,-0.2209600870415489,5.705914304444754,41.577365480932734
-7.933919970917154,0.06002761260728029,10.164075429139086,83.4305590825621
5.1377176964844224,2.8395731973008465,-4.447324009959445,-38.05006389600151
-5.037133970902266,-0.8314700429679842,2.402446043531743,34.80508790294294
-2.8165595327690207,-1.178545535896939,9.799944557508226,108.37484455550812
-2.708261223893256,-3.982465563143527,-7.432301348535129,27.218757691534876
-9.57947008579897,-2.5979903546882808,7.452176216068075,81.43171569593741
-5.79029463334694,-3.652483780880633,-13.251270498044502,-75.82719377152273
1.5407670147212613,4.666359018006112,2.9260432365275726,24.184769008693593
-3.953806770573081,1.396632818200768,-15.80276125648956,-132.36847264957728
-7.880249127957903,-0.9837486829375433,17.757610144188845,193.1545293726453
6.752707787396947,2.616412250628847,19.09408857186527,127.13200239075515
7.9634443216877955,-1.0754437203875291,-12.34779237210999,-53.584480510985856
4.11540571280109,1.8622849460168105,16.79733759557149,158.2000575565965
-4.108462924410299,3.928351042619184,-1.7740184506990353,19.302082315389754
3.173610958441417,-0.7568868391635082,17.16967810867824,124.10468481322076
-6.566195748423221,-3.480104757213709,-2.966310152930319,9.867329230255887
1.423551226974789,-4.904119477241208,-15.9609534588864,-107.35730128626291
-2.8130364536820256,-2.112563349819252,7.709512718837974,78.48863503867489
-1.3882406062826131,3.5623227186057953,-10.41284627918483,-82.76156343759429
7.216389153771189,1.5584757773931193,4.898059863581281,50.57077530666906
4.1364234041402685,-4.7101670712910115,-10.38852108167276,-65.06763924796977
-9.401280316609613,2.099424743029175,-18.201060444473498,-149.53130990049172
2.5175657853089994,0.11451282512050209,-8.932120945036587,-45.247094326848924
-0.8786421346205149,2.536422147941863,-13.867265427248237,-124.06210642517475
2.390067637668647,0.8794705917573022,18.045953499704112,189.82866603620874
7.845104073733424,0.7449361258091427,11.990650612111683,172.4043507602266
4.932554128457809,-2.9948220407703277,-6.440536901801192,10.185171767567383
6.937761046256373,-2.5889707707944587,-13.914139016583444,-73.10123870922824
-1.627980546276163,2.3109771723828576,16.94086368392132,116.48081708813417
-3.7772514957873877,4.731861386704219,-13.617559796784558,-60.92677084627894
3.0118962334576764,1.7364903720777463,8.258641281533667,91.73659120846628
-9.934389381368515,-3.270305293835251,-4.846153642850606,-28.21180270646355
-7.161980147490123,4.601065533351175,-16.2553564778983,-148.9011272143308
6.838026097698815,3.516500786749944,13.469829996950764,130.745190988072
-0.7939567982855085,-0.39318961732167956,3.2815641289517075,42.603721439547236
-0.18913353353550733,2.0503069219709147,-0.3966128946298433,-22.31002906972202
-0.5117647619090082,1.2712635157967895,-9.057285539200723,-62.91515966365914
-7.04187537624084,2.182480750745751,-13.038277534427065,-105.65628253736818
7.110049586809133,2.8830555279550927,8.67890977544566,102.58045263501315
7.490366400926803,2.960539707348487,-9.258625577663416,-90.80386252603729
-8.342745686955988,-2.705698587832411,-13.388959556667146,-102.41309449591775
-5.215969573566119,0.6421526459530966,-11.864963116481704,-132.13812808273735
-0.9158191719426245,1.5611856072084702,-15.828566945616252,-74.46532731456216
-0.42319515804330265,2.582480660653818,-17.623635895398735,-129.68509538730106
4.002753267933832,0.7520679374865171,4.218903067444472,49.39454604003863
6.1618685185760995,4.562839796348451,-15.85658095668574,-97.29305902299564
7.840062218037474,4.66964698144276,-12.957834706196945,-103.79715719502707
9.800533629241919,-3.3558281981654203,-10.936731974511806,-42.506347767859964
-8.771249454943815,2.6476087487055207,12.554532147590699,111.8175029486076
7.089849830471952,1.0613449799153418,-6.8932884455042185,8.588823953114563
7.789851748624319,0.4306773292907451,6.808307581680182,70.04884428925891
8.132055578761769,-4.34114228675405,9.498816909846045,103.91281730913104
-5.632687051066236,4.59967300931889,17.86534194668028,122.9724090858442
6.458551905204793,-2.500562419348036,-3.306738583733985,37.35080537457998
-2.1587977067765856,-4.639449622068651,7.3278978488568285,81.9204346697065
-1.693304043590853,-1.6011653249273081,-15.230583643752652,-131.1737176337976
6.877748707918169,0.7115780672462151,-7.608580560815357,-25.991289705759993
1.5899849026285402,0.7530808800537558,16.377361304618532,88.20477108979543
1.8912820311482736,3.961831086736204,13.437922666499645,94.02298071076689
-9.31132014203527,1.2241146932244078,-15.171902352088932,-139.54364716596663
-6.952291484896335,0.47942536372344247,-18.541111752804017,-119.92663690944435
-7.8808084767987125,0.8286454047418541,15.285154124637835,132.24512837988982
7.331993720134548,1.0901691274349066,-12.220771017449245,-65.68550646924147
-0.8148011940630049,0.830329439591746,15.244398881468605,123.44146330290621
-8.81137022881478,2.580740515150362,19.79519877613636,143.73075854157588
6.215180905258684,1.0957041950920665,7.97862679360497,54.66675878099142
-2.2089044473414017,-3.9101751888972878,12.280004676890378,107.67951208566215
-5.148320463711595,1.583502397452376,5.30125024915899,46.595160455950904
-1.3256476967494137,-3.9474661207211694,-6.363124747527319,-55.16782650234275
2.6502612515042383,-3.756114047359352,-0.5233670906419299,38.15762024535381
-1.20977217240387,4.170632411131564,12.87751886663797,111.69606994637545
-4.173176384852459,3.2743520400527775,0.27698487479378286,30.606626320382308
5.194356253383436,0.7967314229840028,8.300231741616848,79.72430063927514
-7.921315235525636,0.9580199804896674,1.5591332863628224,24.10564310080309
-8.284243002303919,-3.6722255610927457,6.352746671317547,126.3191681947609
-3.016912173522046,2.0139291484211608,-13.62379759456346,-99.53251807626788
1.9466032856748061,-1.8512680537642878,16.355540706647595,183.20654141755534
0.3198513423893967,-4.3253640974412635,-14.6583326247496,-91.08331512564868
-2.2652542152418516,2.2794271712704415,5.0988184505786975,29.165406026915885
-2.9366067999653804,-1.725427489405332,13.909649605387088,121.57325378655273
7.001524691977075,-2.797221521781478,-17.788475644533086,-83.91016030128671
1.5642586002582153,3.691485802111309,0.13927388209015135,38.90862415426675
-0.9100495663694801,0.09042974994725927,19.98060525350791,186.8808817110979
-6.151029042822341,-2.5324004971185587,-10.593849765989827,-94.50676740739308
-4.5792688884457196,3.037203291931677,9.89007123699681,74.29964014224129
-3.0627876868752164,-3.3769928955301642,-8.057101645489873,-31.931143954176704
-9.059981867099307,-4.012885459930732,-2.055652626646939,31.214694126339506
-3.8532336397621787,3.1382483533983923,5.894190041261215,47.485268139916606
9.018604530323255,4.1343126590147765,-18.952290334614396,-124.05547177401743
5.362910178938778,-3.183355857032346,-17.084015639316974,-87.60321667408765
-1.3474305464016112,-1.9099458610474906,6.34310980192442,104.98851616388745
4.799998750198039,3.2784925419952273,-16.648143584365663,-127.49017414216287
5.265683500021636,4.62604928459989,-7.774217674093208,-38.28381833950813
5.793440886861196,1.1443592820328954,14.956613346959458,161.67124822942156
0.03693795950521306,-4.689969257839454,-13.666034659654605,-71.78398737639262
8.086697254563205,-1.987203749246035,-2.2061129441567253,35.40473422334633
-3.8196400284036747,-2.9988442143730576,16.700502286727932,192.84773667550067
-8.780321131879738,4.762317314894792,7.022112649757272,36.78439701087417
-7.68979672096354,-4.355248301645745,10.95221990422101,143.08059660435944
-0.3285275361077886,2.781460891030699,3.0418462145152603,39.49172831055321
3.0702054801096637,-3.2292796448101777,11.469544971457214,170.8269603615228
4.131361626742811,4.723740047360973,3.2627868467492007,28.406093309656445
-0.6330848542526617,-4.848400791003325,15.949437899471178,165.38632610263176
-1.354106545592968,-4.422108509247914,-11.116634663354805,-48.30137124262366
-5.5670420593049545,0.4352789778245043,15.798909646321711,131.26877339741404
8.542460899764894,-2.8999227437498343,-18.197875653363354,-102.51067880797227
3.8009468722968354,-3.4722640377032477,-9.031887888728294,-37.83764536615024
-7.311043270786863,-2.837071556581534,-15.127439851890578,-115.12350711197124
-9.443678064229982,4.516441867327799,-9.207163479935879,-117.4624900562267
3.9853921752933967,1.8890917550404147,-18.63234132195953,-102.7847238380538
-3.524766251157086,-1.7637300198913786,-5.282771897822851,-4.313613634007581
0.863673885676171,-1.326186292914505,1.0372059063506285,23.44176600432052
9.04640928107067,3.720437913182085,-2.797688797944229,-24.063328638050454
6.143757259689636,4.303321090491156,11.737666250460176,95.30322774104945
-5.6670717941622435,-1.2132192769013042,11.918407783671128,103.56286954682218
6.118171016959941,-0.27934191659614704,-6.8076023484453465,-29.60604964084802
-7.247329083010197,0.22679262974878434,-10.362777486157242,-83.31090747750665
-0.6321312651493809,-0.7605096613273634,-5.817800062388198,-31.282628910389395
-6.9945474128813,4.6231567557953515,-7.352517092760134,-71.38164560027911
-8.08904760560539,-3.117998009112876,-3.5618060493353276,-0.4642991012812665
6.295936603139303,-0.997251917908887,-2.8630733780361375,-6.541391620578416
-3.885351168809887,-0.4142501115187276,14.007429689190133,116.5997201435909
-4.199869755667283,4.784022911421815,-17.865542254835667,-214.27500203642418
2.424421424786175,0.2752037845096993,18.499800607294873,168.29287685924191
-5.072291388927697,1.058709767087235,-13.957625142178234,-120.35368979741983
9.506654060690892,3.3647220761384453,4.431344367269094,24.513389311753933
1.464187175576555,-2.1255070565039134,1.2012378426241774,32.04759258907448
7.982982905728107,-4.577080212552178,-4.738373452893562,16.875106674344984
6.870573114588858,-3.018453596695523,18.64647448528791,193.20620649254045
-6.705314351005763,-4.960607580778688,-3.4870073275797075,-17.682474608236152
8.33441610141374,-3.548337396008078,9.217527406815258,150.82635664322507
9.0323240095668,0.852367972026685,11.896850185652802,130.23580445583258
-6.068966913168001,-2.1352910098595244,-1.9793332324847555,-17.3755782201281
-3.3782572573081033,3.9942972236555203,13.418198339101373,131.3051239345241
-6.708222963476665,0.3288712151097677,13.455936365147203,85.8099647699219
-9.82311065707206,2.0994398208464826,8.968562533987342,25.272067415716833
-9.31750581463396,-1.5104524353930762,-19.899298268534388,-153.5622127621461
5.714756407830455,2.329527360023148,6.6437527951250885,58.18978830970606
8.040880784348083,-0.16456795159016124,2.739173341552508,35.85654806529534
0.49474372048029736,-4.501956664396701,-15.094116634859986,-57.23166802439604
1.3994131385439363,-0.5567683842334192,-6.722137178360072,-51.84518634992996
4.054077970159888,-4.589845362506784,-19.689628762197025,-127.53023044341285
-0.9801348678171315,3.6982241375008567,16.204164247581083,119.06545565157016
1.2688482090858777,3.9986653592432635,13.377950054722234,141.8005101631965
-4.519416211063834,0.2994607127632998,-11.283404269094595,-86.82179770107678
-1.4043527387506707,0.7415387810575291,-16.140853951707346,-94.69877919897448
-2.8995364324987793,-4.370039328665572,-4.400198900796237,8.002275451717825
5.5760305615865935,-0.8296271460061142,16.34880451941597,158.03408605436482
-7.448789516648954,4.041844254995542,-9.356457974546784,-136.60773540633576
9.407353621674343,4.6467744356431915,-9.919231722425007,-69.10023574049694
-4.2609645705622885,3.9712491338881435,13.737365042156299,111.82829435629039
-6.06394903669343,-4.73308426666581,-6.912246275035274,-11.006349800606344
-0.7725631150901648,-0.6741569354210952,3.9577149269079044,49.630210265725694
-8.31300075118698,4.015873664207458,-4.513944287599049,-50.669892856409874
-7.865138353674881,3.855617023707641,-13.37655346560911,-119.39217760947244
-2.7170248896015625,-4.507409377139341,15.472026435598345,145.64861125483043
-1.5369150721411078,-4.459378440511519,-14.105443580182794,-73.89530326181571
-3.3592152851951234,-1.7356992448983286,-2.8906256217843485,-29.168093511837395
-5.160699985252572,0.9426794905046609,1.0070743259751644,27.405908046194824
-9.58904692344402,4.170072871079624,-13.885673343866287,-80.6634073946968
2.338605824134948,-0.6279663721986939,4.12168284778852,47.76724289144164
-5.085111981496189,3.128668302974077,2.2149741747769447,-10.411019599109839
5.304042107412688,3.6653982155045846,1.0371194688573446,34.463865965880885
9.703261220389987,3.0988505679211826,-5.205480422735022,-30.852096743335768
-8.462438530125842,1.2126700547196334,-13.319737401147256,-123.595455811692
9.202798074277602,-3.859385775644691,-5.075731702117761,17.396805681590607
1.723958325275067,-1.7265154365698931,1.169203985857262,29.429330316453427
5.537741633545778,-4.543917672780614,3.058919665838779,81.1808178731084
9.361035225436133,0.27761723398976645,-17.142708033501858,-132.54990523932932
-7.910537712764556,3.0154983002777076,19.28879491076247,145.4536283955324
-0.9255216187636748,2.8565807037139006,0.39899442277820896,26.56318211631381
-3.738683786383823,0.38279274027702925,19.891011212271003,182.88554125744716
2.342395931035238,2.2131578286894342,-11.787856917067433,-59.651441717327714
-6.522931607855568,-2.9378751787847266,3.658763658639902,57.99268862373496
-2.5842887684834404,2.6153796524714155,0.933533947103431,49.646793769478926
9.225019183200057,2.441809325816646,-19.658565354525752,-149.04366233022566
-1.6688506591171297,-4.931530497823654,9.104912074589553,141.8971749624813
-1.757585616731948,1.2787585037234104,0.8069637860777057,7.7032804675436495
-4.698809935770242,-4.3029271397893005,-19.551225575781224,-148.4585665852659
9.408939722451048,4.457454411232353,-12.66224415129698,-105.80305875063027
-8.418559267362655,-3.6133369917526235,-1.2869991039307465,-8.572162417503176
-6.791374853469403,-3.391963398318041,-15.726005152052025,-127.30096579953059
-6.342918837187197,2.1685104315645356,2.025956251690559,-11.658636635939178
9.396638861796088,-1.8072131435015426,-11.450844152248315,-54.998571058911146
2.888131301294866,-1.3131939309807206,4.104922735778796,63.23810637362757
1.8802754272219513,-4.11905808234475,17.35046914311679,185.63706523815875
-1.8753453501336672,1.4421551438928049,19.21322962439517,157.9121247048893
-4.4566791545444335,1.0727789827189351,11.623660648214745,119.70004860402538
6.574999373351758,-3.4628764856684846,-16.425224034738385,-59.29936654207037
7.196109851685399,1.0238956801069152,3.2058956704438977,58.055316876465525
5.0701041897757175,2.789983362478602,5.8751457740799715,93.44014625892757
-2.319238943710163,-3.501637243282014,17.79583578434996,151.66344251420117
-3.7316315400817075,-4.483688072689292,2.4875631506397227,32.831946751917826
-0.29696138677288,4.049550904146805,16.367246839693152,82.2272422704974
6.088664106845336,-0.9665448653842237,14.692975356721306,128.76915632437223
1.2652282584575225,-0.31407001039040683,-6.742320407252592,-27.779038998320345
-7.934445276703903,-2.9411916365059367,-5.060261920149314,-32.135464284036665
-0.8548840962782798,3.349256634966258,-15.260385215818815,-133.1602732462721
3.8431365800601913,-0.09854001426853642,-1.360355225610192,11.006232870493136
-4.419310963637873,2.629948121425598,-14.446513955891813,-99.2058222100824
-1.3846612374777205,2.833120580244218,-12.457350588823829,-89.90502923666327
1.7212713364729915,1.4153792520293216,-9.525915935982393,-56.70056742264328
9.611692683213466,-1.8936219262085583,16.03340027813625,224.01643212749067
-5.605658667569424,-3.6197129681709974,1.7370139334639205,59.13373943920338
6.145392552772648,-1.7708397610508442,-8.576355977819038,-12.357865522637503
1.6321136590084357,-0.03852472391184314,12.552317033143325,141.98457493648434
7.34947231325873,-4.975332587817224,-3.528950592461495,-48.493018332445914
0.4319707343094734,0.4284793146315993,14.726932244614957,144.89373262592042
-4.0293932166512825,0.7366835573849038,-4.534278576586267,-15.433527867784889
7.146718457553305,-3.719709453452081,8.397184030362524,120.14104768075782
1.7662378254923645,-4.500636739097309,11.162031549620089,131.2723799949901
-0.29546700484236865,-3.9216641469949067,16.894136353305143,111.33076408139895
-8.890153149036205,2.321027584667384,-14.817351922205045,-123.7029189331281
5.780419923290365,1.4155576247627666,-16.6947462949176,-143.36734998390892
3.0639206753278074,-3.813042038436172,18.315422966149598,172.62397695176253
-8.226089171529654,-0.09783929410801306,3.5378681913645273,25.44766187057067
-0.7112770630179099,3.5620140774415336,12.246804738199458,112.49813411640139
1.4592005600265683,-0.4019508756962189,-11.032539454438757,-31.30138602984897
8.412493083283806,-1.668217466554557,18.128910530015325,176.06316627764983
-6.804237123176852,4.129275904123418,-18.843806810885518,-147.4838133336262
-0.45865276465476157,3.3663238010741185,-6.371234436582931,-38.07937396463292
-7.359998051809704,3.681268588240899,11.963913856956783,80.86270769260955
2.8021427001791803,-0.6903428958011446,-18.466530635949944,-140.44093634368772
0.0867536172390242,-4.3120427145096984,2.904121700590572,62.66654040131291
2.2793990780942437,2.865925267639213,-19.271908401144067,-180.28807245152703
-1.4741495671640603,2.5958876660075516,-11.671812408449753,-69.8036909470349
-6.417665149892309,0.2304623118399043,7.212864744309261,89.23978791357878
7.908702906289104,-4.075644075690299,6.409107432740491,101.05005465633448
-7.264829737538562,-2.7279497538486854,8.399767626947824,63.294174157047635
-6.084402181918646,-0.9349444111070984,-9.48299520627212,-39.46017196653192
5.247988422975837,-2.6621523003924907,-16.3207254898802,-78.33223655572885
-3.7288985424671317,-1.4110071178883068,13.588384513278939,140.43454168213174
-6.444283332102428,3.7960697301560824,-6.714977123280992,-49.174788244495105
3.644519734809151,-2.135853492102311,19.985541733249043,196.64297746512023
9.693354964685696,4.640792227772421,4.49237863628813,60.41299729664061
-1.977604983375178,1.688507516967821,-17.08718559737587,-119.26614612694334
9.144449841910191,-3.4599145429119127,-3.188782631894142,30.684649580278684
3.1423361505848,2.2112993726559544,-10.08636635000462,-74.07382147156935
5.379880598053649,-4.537406890297455,11.02460910691281,138.99536699934347
-7.7280910743893365,0.8712661240374162,-18.93694112096445,-163.10566766908673
-3.5814808107047273,2.7844796786297294,8.147600716441005,92.66920945091799
7.099361110279375,4.566268873539411,-11.078941227688158,-83.37571858420941
6.7758524901333175,-1.4923734102488972,11.114343320366487,113.54829736175381
-1.1035435442190789,4.8206641716999865,-9.827196615014074,-59.6137347376165
5.631661400035128,1.3518272803285756,-9.864902141271191,-57.49507043059972
3.9936630458076507,-0.8770097449766947,17.90783954257148,187.5053737331528
-6.625682056589309,2.426402952597443,19.428204530006006,97.06196051742174
-0.8848260305711335,3.289182764254491,-16.52958397586122,-104.84029688005937
3.5365784691860274,-4.343654256358114,-5.7496868541965185,35.16351066749982
-8.478878540855481,-2.332365525106713,7.238627264427045,67.73905678920994
-9.964546403741066,2.2678309283776237,-12.28820923211944,-100.29350221018066
5.916774415605515,-4.206004973742229,-4.8091626276753665,-7.8606525871754656
2.454400317506966,-4.815111921341689,-7.957735536775509,4.394369850422052
-8.353212724936338,4.2089536072957525,-19.304293962302733,-193.17765268413874
-6.099436072343574,0.6933195723141319,8.70269606252733,63.07917560363963
2.361873898157956,-4.974005598614342,8.61925515024872,116.0161169652365
-0.6068779574134844,-3.430882432897171,5.067679184676571,114.89414175355024
2.3145383412452922,-3.3577444468830775,-1.7363192113852257,42.48194022751376
5.51159630300746,3.549767967199111,-3.3206290565179053,-28.292239539341214
-7.934021545755899,1.4512279796781034,-15.859343395838895,-145.98279923492245
-5.195736878822277,4.62919249724229,9.956494998147246,59.294747141645175
-1.6837519298960792,-2.619139835634713,-12.794186646432761,-57.37637292896399
6.982499693388867,0.3447666222907184,-13.92889529718027,-76.34818107953157
-7.1492382839016795,-0.5072084628423497,13.698267108412516,110.68918767317237
-6.203743090601508,-3.726126086416315,-10.123356293691277,-52.94323551421369
9.933350503649166,-0.8917265338843405,4.288801385147295,84.4673364111207
4.5039290350229155,1.1189559468275645,19.587868040745846,191.85122016317047
6.087257054673312,-1.2595951272097663,-4.340708191583067,-7.7323597779363915
-2.4252545569229707,-3.8266685518594246,11.67336284924638,120.20947442999943
-9.634929020362987,-4.091574434214381,11.614233854041505,101.18898443698836
-9.359189810788413,-3.283956365453472,5.690235051173307,59.07085491713761
-4.373312953981321,3.737487625002794,6.228132457706877,42.484946077863384
8.19860663696111,3.574878630201491,-2.1494569254965015,7.635416479401055
2.982943590589711,-2.077695532303103,-16.78867858627905,-69.75872600874222
7.147880336150571,-2.490144372541687,-5.84892425374532,-11.325768306188563
-2.760524960754884,-3.259491475634333,-8.354795208524806,-14.890714308251276
-8.238937144138434,4.982610568106795,8.837301832068391,34.59557525592281
-7.0119333310880805,-3.373614253965218,11.52394694395515,102.71249160737874
5.223169791674689,-3.05751569123774,13.552896048033702,143.37149778990553
-2.25725744021368,0.5697155819666069,-15.980621748281706,-137.05576351221092
2.0602708061518697,-4.566393735962779,9.70107826993775,108.29424881972164
0.3952061400258504,0.5820488892399487,-16.843502472916473,-114.70235665121407
-4.860928640042943,0.4353681353173151,-11.571765135989573,-72.77104751689448
3.8322971010590816,1.340835365959511,11.834750459504306,99.53866263175121
6.944669192316034,-3.1837592974015805,3.2924509703820064,94.59999941956869
0.6736879500770598,-1.639543472799554,18.51980234809937,181.46417977124574
1.0766821572886194,-0.7740071794066576,9.787851137699242,148.35684201633492
-4.0334188112407325,2.1143356500543575,10.486384144835348,107.92337377416435
6.374374987429835,4.525451463287878,-14.302500060161037,-114.08784465831667
-6.249834713962841,1.7989948859028377,-11.647383136589372,-62.24209840238854
1.8530710859639328,-0.5815847157113314,0.8282684209297919,-3.016170815048005
-6.017919219682359,3.386900029184943,-2.8811052844343763,9.98492120897496
2.8485666073261946,-1.4593441002365681,13.273043816813619,123.69757901160845
-3.5115721996605087,2.7999582432180166,-8.774673802404767,-74.8028981766659
3.2816025856544115,-0.7855932064864222,-15.159416773451483,-82.39720423841793
-9.226951142192707,-0.9473283687050129,-18.602745559279924,-142.99397818392876
-8.464222881420426,-3.7786524301311673,6.585748604845257,51.56541852792378
-8.658915380052232,-4.517296701755281,-12.863589102408097,-42.98853836637525
-5.752495334242623,1.5570121999849986,-4.855928877466859,-37.285949618261526
4.922686955592482,1.4407302375709454,7.817938861432246,77.68908538472101
-5.393796569655336,4.99137172329138,-14.590287282739274,-135.3697450318134
8.96369704450088,1.1977577971662825,-13.15199252823033,-90.50013744641265
7.733112714116242,3.039456701628337,-3.2628412418048427,12.195635991514301
8.024016926409395,-0.7535869502891241,10.247001811269957,144.27569172686282
-9.067434892609915,1.5859524440998696,16.34483472199689,130.496697524407
0.8006153818446542,0.7230110334621065,-2.0107020639888233,3.176010111274614
2.9630518598867166,-0.5597486201371362,18.38504158849078,185.54080663026423
3.379929566043865,-2.9609964434615255,10.073030483473726,137.96289995001658
-8.057576097559181,-1.0672581237716647,16.199578783274475,153.73310580902967
-4.727950379207844,2.7530669918523065,11.644536992365381,73.3145159732198
-5.168882270094366,3.9112823809663837,19.0015549629601,169.5405518755088
7.8742130060427975,3.627715383845562,12.44748018762239,123.4436129118608
2.0330393105682294,-1.7901453467419035,-5.479574029346903,-23.931920060632862
9.185055591523337,-3.088751110270004,14.26335780909281,143.0525312660176
1.054590591375371,4.163780525107194,13.191539204996005,96.73160645613976
-8.646084230152697,0.7761448336944019,-1.4518449761154457,-53.42742894550652
6.878402551797617,-2.4273641950890457,6.92369027103625,116.43401308314796
-5.9510489032537635,-4.8039395088737225,-8.941957491125475,-45.55119958111943
-8.431563745278062,-1.0744326326639966,18.911430439770392,163.78256246407383
-0.16342696013142444,-4.011920126936927,18.33677597829667,188.5604631480589
1.6251181140051845,-4.4163936787943525,-15.299882087933323,-107.18328272408289
-8.713682353081333,0.8212865933296332,16.906950044114332,136.8087729406847
-5.23153121891718,-3.3623912101177487,-4.746421786014579,7.443895007208237
-3.8670705790141557,0.08001552274555124,2.1317118265714825,43.870214840247264
-4.955145752742824,-0.5072655521606642,15.277383329381607,155.96724008007592
7.220469415343871,2.5119384404778966,-16.58845821963274,-115.0775635003483
4.966757813208048,1.7530443782771634,-18.0180795533545,-139.8281123736083
-3.6266003065179913,1.6039873540464846,1.9184866487106262,54.01938290780489
9.892171583647475,1.4600001541524534,8.766043649306248,83.71128220867136
-7.190090403139653,-2.0223745812853897,11.622315378657714,99.43853646149371
4.523950211734709,-2.138297351114682,1.5863229131636345,54.850149340373676
-7.458984950487961,3.441252949254359,-2.850554115113116,-12.087092764596669
-2.4375726251256395,0.511943588461051,-0.38420640345199075,-8.126898897326033
-4.280301447237385,4.4923365049343875,13.36605639603411,95.47467766841845
-0.2835241382732594,2.971964174935109,-16.857912360468063,-101.64041280007791
-5.393405036569541,-3.284810759442558,6.301056898146374,64.43105439955721
-2.575365205780999,-0.5542504874915908,7.3569561063835955,73.47286472195155
-9.816862099605679,-3.0087211650657917,7.598004185484619,95.40562927442437
-8.401330996662484,2.37792334102902,11.988165573994944,82.32073353006089
9.181075840383379,-0.9659841248198706,2.228452679112465,71.27772685465744
-5.367644360786262,-2.1690579218959947,-8.080227559537878,-33.01309630233657
-9.14251665029507,4.670690477953643,-8.677027324355194,-75.12096931771539
-4.335264530637093,-1.2259065551804813,-11.140973894436549,-73.02648212219796
4.167075553768015,3.0363206440251265,17.438034885388667,143.03738293886337
9.260110354395895,2.3708252205683493,13.953376974849448,166.6114651407699
-5.4126317945971785,-1.7537530877320737,-18.960827293027922,-144.65493975358444
-8.024198131809829,1.3571768028025621,-6.470687244017386,-52.93811571999851
5.179054655491818,-2.418847154305518,-1.2615839131564357,70.03635795889294
-6.0615867602038875,-3.7419148861527143,3.038401122253731,34.204108658440006
4.190028756451651,1.8139343800226158,-6.77157277340385,-18.674007003631246
-7.998395465638913,4.577486496071511,9.255602190907041,60.704503152311
-5.337842099320436,-1.6192348479377605,14.228791814685756,72.00931846966131
-0.45672469468558674,-0.02237029005154234,-17.028340428198845,-112.56387092365904
9.68546878973093,-0.4813716157021588,-7.31300899236115,-11.894021136335148
0.09882694514893053,3.775759990258301,-4.977538971370681,-7.444630227252169
4.217627127748113,-4.903913405863493,3.256043258690493,72.81350969287806
-8.422480528864625,1.3003246782106634,1.4633926405084736,-25.354621580283148
-3.3182781854463306,-2.132435348137287,-18.766233583174724,-134.86983085825858
-4.975822004222801,-3.678741998064934,3.481900820859636,44.15574021556404
-1.6321274745009546,-0.11120168615117088,0.8327073390103337,30.084712285267777
1.1344521783686403,4.560599668076948,13.230303486555385,130.09396074748616
5.057981716552382,-1.5886692172231798,-16.021213363904145,-59.18278569323141
3.406432048250622,-1.3535182186339592,14.058580607221025,148.31278454174577
0.7043190554703127,2.1275055754199457,19.304102716973425,134.73311561864966
1.794752719921087,3.9342092148216175,-13.686046316670879,-76.19559869080744
5.867358705058287,0.2754129135670871,-1.459716833441945,11.245564961290501
-9.548651771383305,-4.8669272315956,7.134123056446956,37.79949698570405
-9.40479884723011,-3.9993847461452106,1.485044662244789,34.24812173124075
-4.4380439580545294,3.6076845165075806,0.0647412117942423,-11.032321539718213
-8.728183043485814,3.6363342072335954,-1.2399051607632146,-37.44470400487066
-7.135139134738779,3.125793307828342,-3.4066419530347645,-16.448834907516087
6.782321670043597,-2.84125841823014,-8.967710501375809,-1.9169262518788557
9.522761082459578,-0.41245313521353566,-0.9108886208390707,41.58350824942714
2.013639245873005,-4.475662133409416,16.55689000686195,172.96361569050575
-7.3013304003900785,2.2311513486918786,0.5879656865989489,-1.9179528448614462
5.285789840307309,-4.679412526317243,-9.297315098341175,-42.06743681151694
7.711422946021042,-0.3296505541118053,15.455624902306141,151.18093406900934
-7.7349207780218965,3.6409495307901345,-6.177560402508107,-56.762859907118425
-6.004349023233888,2.1450590551363593,-11.55477809072413,-71.02055594384774
-9.59007139460959,0.7813908412808654,13.03297257426484,67.34403974986736
6.227519270335755,2.449993783295163,7.03993812894808,88.96903157622656
-1.3600980102166265,-1.6270213067084862,-16.67473384384335,-97.73913279563119
8.631935846782362,0.5750746868561842,-12.473412667883942,-72.27004183069494
9.062088348985103,-3.7533209986598504,-6.665144067658616,14.132350636673884
-0.7366551718552827,3.0748536880139294,11.481523488585633,105.24672701748389
-4.519569538635513,1.6262413850903705,1.4899453167656205,10.952589927242407
-1.4313504524797,-0.5441595485190796,4.733380418148396,46.03053864381657
4.351521413459476,4.430277243228765,-10.729852211545353,-127.43533650332628
2.41612723665423,-0.4754448901159014,19.520324070950068,180.29350476348745
-6.416898642813191,-4.9425670467884615,13.420819619470855,123.03871296936542
-2.447035154006083,0.368374484290543,0.036072324153998636,-22.988324755977345
-8.121132549690879,2.4665326384374167,-17.747315052634136,-148.84987368749083
-5.389549331490285,2.2524175650665903,-13.160300472031977,-94.31640114410376
-1.1153584107209102,-2.5862607580328145,8.028593652802364,119.99322148830302
2.014886619442347,-3.6554511999236983,8.01224662939104,83.57778520811405
-5.520764989990912,-4.388379012886605,-4.073959966878199,-7.8452221893368375
8.879744592039152,-3.949189560165668,-13.805980533488622,-42.235911342586235
8.96975336711013,2.0402719365699307,-18.327296434455658,-162.29868480455048
1.8591879716078452,-3.0555208890232954,-7.068775530379829,-20.498638414431866
-1.8779819799844724,4.383472002388741,19.080188312792032,150.54487202512283
5.1065785321836294,-1.626710274168194,18.109068479234303,181.2620950844674
8.722464316458328,4.9198469788656745,-16.3400283760344,-124.69037177237377
1.436070656035394,-2.5976457154303656,-13.86461035269999,-88.93419145887512
-3.4949480209114974,-1.08053985438046,-13.09421606573396,-76.20343005337976
-7.907256541542074,-2.217817002900626,1.983640075879233,40.064755043644645
-0.7650640571187921,-3.2598998724790897,18.67848424462931,199.0896817241935
-3.1261786229301913,0.5471398365777258,14.1771536271143,118.37068732280397
-6.672746922176406,2.6876499287641042,-8.414297228772725,-98.13084052011683
6.873962968559038,-1.6166449859238954,-7.282538956041535,-5.591645743848527
-0.9772982573276039,0.011924713019315192,-1.7202257540160169,27.135863600798057
9.12302618738671,-3.921782096294778,3.2001875142784826,72.52408249855293
-1.181598645339017,1.709862672640324,-12.91792448697262,-62.172919113460864
8.984249941041657,1.8840907384858943,-4.080570053255794,-5.329793221782374
-5.7535031681335695,0.22362497777660373,13.430633234785873,102.43463910643837
-7.57893733870441,-4.0149885271433305,19.260195732485556,212.5411111014672
-6.103345609917186,-1.3277640914928766,18.15059422810092,143.0360832007288
7.192753781916647,-4.381359269111112,-4.979316939236579,29.409914087751545
-3.6319028352865317,-1.3061460478408171,-13.980313466742196,-79.53676611505038
8.202374633520009,4.855233912927467,1.277829123109111,37.42337901053372
-4.5677491524423,-3.68399540015931,-18.282889106878997,-130.99010910102427
-9.25477044253425,0.3094367034984904,8.096944676174903,54.1814773685484
4.342009193879541,-3.670661060493906,-18.987875556196364,-113.53741390860972
-2.1451376514626874,1.0870539003675619,-2.6367766597872446,-7.953003043319857
-9.230341862555267,-0.11994512430777426,3.09625734452505,11.618203658603242
0.5921916716529587,1.750170274179733,-13.693304027663626,-85.64905659280143
5.44727133032435,-4.45162002290762,-7.570619853870536,-30.376300281831156
-0.025086772126028833,-0.14171689464431036,18.69176798908215,140.92205880823224
-8.857849252362488,-2.3420525655016355,4.615785086647094,38.799725130987845
9.667015812901603,-0.973119937334511,-8.015368759151604,4.085367690597863
1.288152553635154,1.5559696202798126,-6.993185510064208,-33.950272474974085
-7.623319158970414,-3.1058545733836382,-5.134059005796431,-16.64605852492946
8.455099988056908,-1.2746989386461571,19.666399185548848,184.16269659355598
-2.2005743517445637,-4.743472122993479,-4.489491668280859,25.403477055675424
-0.5530134910247284,3.015510147206573,-0.5461683120272554,-43.171363891303955
0.8980859084717974,3.2415856934827314,-11.733101420946035,-118.70512978610363
9.93604036763099,-0.7113558347181339,-19.62066624908678,-128.8643958898661
7.1688491451601735,-3.6981605406603,-17.59852900964139,-113.29687838600724
-6.0836425955873,-2.483906925702385,15.966123223259764,89.6680712085942
1.1159941506899713,0.11810189268145788,-3.154763843982021,-6.33215715929191
-6.749817708428438,4.969396150881563,14.034909534650339,95.65206738961714
-0.8383282624243797,-2.9902974622546017,1.206782701752509,68.04753873414096
1.854399028564707,4.458484773555901,-19.26755869916603,-170.95676188707756
9.53781051514217,-2.312166080516408,12.940596038494888,147.0252182658125
-6.415497199161808,-2.286027575136683,13.679006196279587,130.07306835849965
-4.102116229209463,-2.52163869693115,-17.296567068561572,-115.27992029604826
8.633401009284913,2.6329778467316745,-10.567295915052188,-60.36998255989086
6.2960418378503,0.8086502665816919,10.766048551138326,121.42867220469802
-3.602085162569246,2.18371694397573,-9.727803426599376,-76.68762765262385
8.096867983684962,-4.399008061325014,-8.611172404943016,-31.195960986237658
-9.237709029864668,2.1449874696290427,15.28693150739997,134.94683028499927
-8.05604964256279,-1.4707656916851142,-7.670098519720177,-26.976258039801408
5.44768614156143,-0.15122696338050723,-4.115245307859192,8.288963896165377
-6.203535934762845,-3.067763229152909,-0.14791944234668009,-2.0352330393791274
-7.446411670787221,-2.629718554942506,8.098262860839487,103.62794977649224
2.877600122650758,4.193044769702782,-19.70830887310597,-168.8457404070507
-9.47256328034233,0.2557747145288092,-1.1309411430508298,8.687504073128107
-6.913622461280083,4.042633960752619,11.581651619620018,57.39968572606067
2.198021761309512,0.7439938267406045,18.828112545053678,168.11526974393945
0.8084832401636071,-1.1247903975081606,0.809171996642398,21.551132581300745
-5.596189061510679,4.019361578620851,-14.63587666623285,-135.12219936393723
4.428310490176742,-3.9869524406942833,-0.08771325186555146,45.3825294434189
-3.927914802005046,0.2515984054724285,3.1777929061445285,57.882493166126906
9.38313469666809,-1.3608438393751285,-6.547730288636725,0.9650388470152933
-5.227664684207918,3.082737563929129,5.5692187812839755,52.45626428666745
-6.671584389294079,1.5230575693965918,14.14964349387678,129.98448051624413
-0.7917230876232288,-1.69378892330869,10.06897241879917,106.67710580320797
7.881305125218859,2.889061599735654,8.548517196385859,92.20510863055787
-1.385560642014319,2.1962163459457127,-15.835992822529356,-92.65239906154665
-7.218368396300116,4.550442125068592,11.005418811552964,67.36414182487239
8.805448481758312,-2.073791159910189,-0.9806954222555291,7.791606863150356
8.223211524167816,-2.2872661244639048,5.607789882232236,118.76155434853251
8.858991030296849,1.8137868177128738,10.595528207151727,93.53077851186052
4.316927835605318,4.5180261629864855,4.067496519182271,74.99748717291153
0.18293185541281964,3.3283513530914544,-7.288173649770986,-15.614318519007355
-1.6069982516072212,1.026642307554532,-7.607551517883806,-19.990120014144864
9.935976217762295,-4.439164128536474,17.00944109213885,186.52355309367502
0.5229935604243092,-4.119891447516543,-17.508588447890524,-100.4937469180433
-1.4363345126443416,1.3285489574947853,11.865689007364022,70.38616486186933
-9.915246137190115,1.1377292411143145,-9.188408434728359,-79.16239571896323
-8.58843214804425,-3.736943779555151,-2.9458834516862566,32.08714885962604
-9.442897296612557,-1.3018347974456592,-7.645791985539017,-73.37788560867148
-3.993363036614335,-3.222209606477059,4.503534033347883,64.77481359075423
-8.624264587444932,-3.0833319916633917,-1.1151368584589392,7.803144383785078
-0.3293880640325675,-2.4930729787844017,-13.411645604859208,-63.229867035442886
-0.2702252748967755,-0.09330254930132931,2.6181415495764924,31.01912054443528
4.273571739195191,2.6305993974122375,-15.607720880347294,-119.95436436724061
-7.601449717541248,-2.4895753821457687,-1.3803746842204063,-23.827578265493646
-5.9939289944713625,-2.2622980766148073,7.6690324612756555,51.7690021762279
-4.03817381488132,-3.3706535151223562,16.809599640703198,174.20259066999424
-1.2644291645992727,-2.775510545278135,6.646123528505619,72.13740703811425
-2.5220069810539725,4.967726422662478,-14.888743352364529,-132.1085687998241
0.7450842908832023,4.385017088898023,13.38642882774004,94.27327625129992
8.742787485973718,2.653176439819447,-1.9873382886416593,-5.458954122823549
-4.477606899708553,-4.496489413687462,6.707347393792272,43.83103101356453
-2.536304057765035,3.7755294751928528,13.87820747497581,102.61019928153311
7.7546098180403575,4.919697945541957,17.357815689574885,150.08678915716246
6.243802749785534,4.9899696630308625,-12.64318475861742,-74.67769824503236
6.647606375409499,-4.61849984984239,-3.491273951436259,9.835605385415448
-0.36961239091904297,-4.478366044696739,9.78051953411482,163.6696838671181
-8.560236704037177,-4.117874602394357,-15.429146247286063,-97.41720850430727
-4.893964796364314,-3.608785786494566,0.9493019040934989,21.389692838717256
1.7660680244726006,-1.8055755098248847,2.5885895772113763,13.298381020971469
1.7533259262849494,-0.4234618925257987,-13.920876565276274,-107.77198964635437
3.7456486624827683,1.2329411583025234,7.069888687306907,52.72857758025779
4.701478361401749,-1.3884280305445906,11.485036081243805,121.88804755771588
0.2916170740264352,3.614154312504315,-15.813947409728662,-126.44211074679576
-4.824644229627246,4.931903994466598,-10.191248936868629,-115.28999757141385
8.795390453559747,-0.8742339195830864,-1.2290638010130515,24.119077252016634
-6.396411094372382,-2.5246929968566043,-15.461432033316829,-127.96657777663583
-4.17625938308785,-4.255028814998526,-5.026874262543913,5.566618060148322
2.11304753682853,-4.04873905603841,-9.00256672749907,-33.172300572726996
-5.2313346342436535,4.4203904160330705,12.407354358139337,48.190754070610474
0.36229765366000066,3.540496856530634,-5.491022282494091,-29.96883143952477
1.9088449077756913,1.540818262334243,-8.020129181957731,-87.78942705458692
6.752822774503112,-2.7406084452059023,-9.874214354342406,-7.5592328649650185
5.994885623762363,-0.02479730279091541,-16.161482368314427,-97.20654978470853
8.610032962745844,4.991365250543652,17.44999409179458,143.08190688226532
5.960158423617287,3.317423915610849,18.706064537682728,206.85507459140916
5.919950028295737,1.0873531911800791,-15.682504201038485,-81.19694451279977
-8.358571291055787,-1.8139673258406042,11.210952518531116,60.607353327916115
-7.900131035004918,0.9368722996498366,-7.9912828338572375,-59.43856919797777
6.9503069929499794,-3.1920142862769776,19.145243118452683,177.64115502379258
6.868706985412658,1.2102798279513287,-4.975763319923004,2.14570995192431
2.2927301282721437,-3.074179625104283,-2.6738171629836174,10.783293735152187
-4.333143659478109,-1.480958668235485,-16.456879789515146,-128.62442164888458
-6.8050094141832185,3.0337107612501963,-2.725294896219083,-32.14796692710024
4.750300657071527,2.7356356223931737,0.7083974276230975,43.14475242103237
0.2398257544150333,0.7165541608696291,-8.723669954269404,-60.995421799593075
3.321753799651326,0.3593484072110691,-19.71334824778591,-96.08477053399726
9.063985632990821,-1.3176858122849753,-4.7692364713309345,-11.970230152251006
3.7869003112681714,-4.331020603152192,-5.321882230727123,24.73767768922836
7.112117929559567,-2.893578460270679,19.338190898077166,200.55691471655462
-4.502801504060818,0.36494143738930873,-16.409913428044955,-148.22021224230153
2.4094150865645947,-4.823350580927129,12.1942094708117,149.02422146732084
9.561893698414675,3.354155218135581,5.882210971223515,86.8527988169311
-2.48447802980108,3.5546292580033008,-8.17754360339826,-68.04321095265077
-2.1047384137201774,4.962229014861517,17.109551966425983,142.45323075696288
-7.703705858867722,3.25410075333577,-4.400034597577962,-85.9622461003315
5.625758914572165,0.6733428371651282,13.69170467618008,126.53615681220566
8.833239065813835,3.353451213492244,-10.994633191192884,-70.79485437679764
6.281087880730944,3.9336690829142835,6.581563791758477,74.71152770784005
5.8631066678644,-3.753128529081944,11.191102995836989,132.42773605971368
5.925051460523612,0.4777086492726621,-5.4997002122808105,5.480298987116541
7.734377033597376,1.6139961707282389,11.75432738000356,115.58914896765103
8.470741023332238,-1.0247444149912113,-16.90373083792414,-70.99563165138186
-2.5522470561681088,-3.8971695782876914,-18.91324147973244,-112.19556896337745
-4.7425456378245645,-0.615265140921708,-3.79479492335507,2.4231142671220027
7.609682979502757,-1.292921734472233,13.139762671473633,175.38901987933505
4.980655145580199,-4.300711357249032,-9.010114225445935,-2.0620405147600422
6.116978074096981,4.368435280824215,18.459804238239343,162.45611118168148
9.035654404601079,-3.628286009409601,-14.52830252486898,-65.51873317322399
-5.970405118148932,-1.2555759490490095,-15.049697699089336,-91.02293126086091
-2.6327412145014595,2.6956820228714493,6.044382377374568,78.65985319487713
-7.862720897166411,-1.6166661936472626,5.086416173404249,44.59168013396648
4.9841811472163595,0.05763633455035411,-10.933973502239404,-77.9936350028909
0.355623627277005,-2.2986640873420052,4.1171574440225776,88.67127664331892
6.332072775609991,-1.7359374728278465,3.966845487004953,82.36806924513027
-0.05082160239672362,1.8904971896887552,3.547625144546135,25.29464585986377
-9.095304006356958,-0.09631026332730741,-6.428039999271103,-54.448940649513766
3.8916311621284514,-0.01505875972783599,-11.34581861513146,-44.958146431533976
7.756322782743485,-2.878831075346765,-14.679633497086847,-40.78811991205499
7.969347748275837,-1.8685698838423859,-1.3460981794491431,52.6163843258018
0.0009020781607400608,-3.4117315446599283,-9.797884361713326,-29.519172270940405
-9.264824697279535,1.2519235829900897,-4.725932702287604,-65.3990579988015
8.919361647271884,4.590220750290017,10.732238577806989,110.97838788906336
7.4139533029820015,-3.5332195410277567,-2.9633938109304125,47.69955473224439
-7.440749427894556,-3.137154839861731,15.541110788463534,136.77085207928283
1.3855013236264586,1.3198850771938853,-19.633831613775875,-145.13220096598323
9.062060702589665,-2.202733045297861,-6.276293434666291,10.637606438857084
3.9642562942713084,4.9260665181954035,0.5580432220891041,22.03910533947125
1.4625206163678701,-4.826675289929426,-7.302372291157443,31.78604145378591
-1.4847698939431382,3.3936430136215083,-11.727170064324476,-120.06076779820118
-1.883114975303135,-4.528840525903991,15.123684601733721,200.1069645764881
-0.4455126860648484,-4.140571704980868,11.045786386157474,107.69279089844116
-7.399086431482987,-1.8650194574007761,-14.134797545440222,-117.79452800567944
-9.889287087773834,0.3246979292578178,11.387632937851077,85.5369004835372
4.335151873252254,-1.3330370348425404,17.274636191949007,164.41415371173628
9.852748271930736,1.6872632406856987,-1.6339054958748704,-12.158260960060911
1.838154832230284,-0.999972163361452,15.380156484212385,168.55614044104846
9.848421030602875,1.6218532433570179,-16.0487800552542,-72.78831791795314
-8.906612036266958,4.156953013435366,-10.921769521754943,-96.92815605250243
3.829501962910019,3.988030583413366,12.96939790017796,128.94612685821673
9.380957120485732,-4.8840116698943135,-3.7086623200882656,48.10997287073517
-2.545792055127545,1.6081758614067407,-15.767205451174352,-128.4251392648853
-9.976312507130414,-3.9837195999208497,-10.091338967130934,-26.735698436912152
9.894990548765758,-1.0940173001779243,8.098205985370587,126.58959044456493
4.557137764167237,-1.6413076061921594,12.091170840094357,153.8145943685016
-0.23338888581539763,-2.8783737845083524,2.1459723223417413,12.8400140678797
1.8647641736137643,1.09879062114734,2.583479352981449,-6.551302922847384
-6.4381582593209385,-0.9366099958461547,15.79250035944358,177.98410514868198
-9.30541701533169,4.28753135159209,-4.400281692581135,-38.890630737867525
-6.29594326524296,-3.539867355472265,17.947486432798108,180.79225621615728
-4.753026240540659,-4.202351983741558,-2.86798026206025,-5.562836216663028
4.370473879866875,1.8961172859133573,-4.262402511118637,-31.790452961773607
-0.22450981476803378,1.4019597935221748,-12.83404504359924,-89.35067781374734
5.414482528906744,3.1866494437181014,-10.548133486493715,-103.23541367388154
7.154210877016073,-0.32710775277482984,-4.456253415866392,10.467361126355684
2.362128533538817,2.207607263191128,10.351938111890206,90.51938313691844
-3.7253951789060764,-4.66932323115432,3.310325146889319,63.84355867290448
-7.325674390414885,-4.359722775685409,-9.877020812038314,-43.09909871988874
4.6139401976268,1.6811232344476368,9.016159283989452,78.67482147978673
-1.6106108819892988,0.26434205535959077,4.340752214266658,43.69792091800838
8.852461465742067,-3.028312483188962,-18.027156241266017,-102.81379081303011
-8.078189960953598,1.9289263795921618,-1.8344537742835811,-19.136362420403966
-8.035763372248299,-0.49519069395618587,14.897212303002078,128.96275976533457
-1.420276229039949,3.600042728588086,9.445472220264762,62.88963686784467
-9.453079155921959,3.750057866569284,-16.225224649306035,-115.48043741821846
-5.6437886206653065,-1.2695166402630562,-10.277053477527552,-74.61474920850783
-3.455171200179885,-3.3565325203393472,14.309458498574031,129.68594088087198
-4.982768283096684,-2.1934797479446297,0.030563639978907986,45.07405506183414
4.140860724065307,-1.0113966645127626,-0.07037354431787435,13.256875889234134
-5.187584492143058,-2.1797084779116425,17.228562512456527,139.79661265725724
-9.649999214122879,2.511342403528902,-6.223334077995709,-51.638486478755034
7.574711896559137,-1.5797341363335415,10.724583046090416,139.73958926953782
3.3545465318651413,0.5514692282847511,-9.662531084679378,-60.97320165343028
4.405003600440088,-1.1029282251695163,-9.156932924191308,-56.76220121152481
4.829726187131005,4.485053958821235,-14.774239871300567,-127.35274071171575
-6.983215763736799,-4.522171367644442,-6.4989430418247665,-24.102215144200187
1.9579664911566255,-3.313012199516053,-10.343596544981413,-39.26483185416123
9.274395494525038,-3.5339433001756593,-0.3859352627938719,27.561031903937657
-2.7596698335210634,4.085875246376272,-9.086859296192177,-60.653189397641086
-3.088379369450145,1.0492987083419445,16.75296781495642,135.03298316779168
7.732083664958008,-2.7394936388395106,0.7735988945301351,73.50921090101005
1.0331472740725296,0.35818843860606187,6.0448142026131535,89.06493476237901
-5.575888340422026,3.727170783831774,-18.296699254627896,-133.22288461704747
-5.62590711992121,-0.9272542561563313,7.119679330609436,66.21634332742487
-7.849944073930974,-1.0681198769478515,-1.8772746153263213,-37.06564506644254
-0.40664748003291074,-1.6573265434137916,-12.099948368484515,-70.75137265465
-1.9466373050746668,0.4936982255602498,1.4491032425320611,4.591385223720161
5.126489984397553,-4.7388821911409345,-5.409264097569695,38.24456790086962
8.917041664160866,3.794167863583848,-5.552105370473775,-11.052471761447144
-6.58086787163527,-3.912786177596641,-7.7817251149420095,-37.61854229353483
-0.8715262794309808,-3.557204430073384,-10.596992845613729,-62.636069472378416
6.1621879857702595,0.5092676068151878,-18.316016168862962,-117.99205121329199
-2.4330781646047033,4.800818239414685,-11.715629386860655,-100.36234944482192
-6.731205523801577,-0.28906432634219215,-13.778280471366147,-142.8065036857323
0.16127640893364514,1.0352716346522488,-4.235951545887676,-46.69341301481092
-1.107950979230644,-3.696846359863859,14.723516938982144,145.46370868761863
0.0833595149107289,-2.2550087619236625,9.594303567784529,118.58774281355298
-5.271529173084724,2.4974473425464083,10.692087453921634,74.29831463198414
-3.6168013925627935,1.1298170362287996,-18.661945333087434,-125.77698535816882
1.3349616642369337,1.3581325780547306,-1.1011023476148374,38.387567149295386
6.15127876350796,-2.190822563141026,19.2102337557008,182.00744376883304
5.864084373897763,-3.228749701659055,12.428642794608429,138.49460247164578
4.269999598292911,-4.839339853754455,9.953494773059429,118.83016663163093
-4.836405363803154,3.7928064378005946,-14.66868721229799,-116.16657054347728
4.47569323390309,-4.860011809897712,0.5638553480514261,65.25844141915421
-8.623786763600469,-4.245959351629477,15.574096569860885,120.17543828810538
4.832939546462443,0.29811995382731915,-11.011155661976737,-70.42088262432563
8.104636143043425,2.9261906876791066,14.313185552714614,125.17473768571215
8.385009852289262,-1.509993070739728,-18.692912883761696,-108.38940101845881
7.000632580856358,-3.098431982180445,-12.65012563968198,-26.41245839016119
8.981823254867962,3.578586429461577,-14.114606330889462,-112.34434191152857
-7.668819888038316,-3.4437709273113914,12.510321921848472,133.0983832511356
2.3814673125821084,-3.6140896455099467,-6.220410944881465,2.4625782137441803
7.493519375514307,0.3835004164378457,-4.973419049109836,-45.1742311393388
-9.464390300817058,-2.649586179347562,-18.72489919184042,-134.96340086030438
-2.8949756531868376,3.198324895232428,5.3688538225608475,81.02938730176152
9.990591445147928,3.6199865851151927,19.551022798618085,180.81531823430177
-2.3998631105949686,-1.4280704283048284,-18.407863106103527,-127.80534679210251
-8.474443501341282,-3.407051680778521,3.715567235416625,73.49684153383683
-8.452477809747679,-0.41733680567701725,2.886620404647008,19.70982047835296
0.09418500804960672,-1.4157470566697237,7.025466655846721,90.16611747484869
3.8941624674631115,-4.537809319892069,19.267184604070387,197.43973857794924
-1.7353572550802348,3.9815920666242484,19.848293170602453,140.73658311168987
-7.901961858280968,2.5039892520712304,-7.2701240763107045,-45.97603111349414
-3.5862206844056432,-0.3220798037728958,8.344902198265316,128.03335486205225
-2.495078707666787,-3.3391297826681567,6.331161857289409,15.175393494441423
5.45483240981085,-0.39728502214579997,-18.065655071099872,-113.3080911311778
1.6757187487472223,-3.8858787040778084,0.07959355663365386,41.08677392843207
-2.312045846621567,1.6053373539300893,1.702871823659141,10.545533077832676
6.621420835690589,-1.4318978050770759,-17.30065472669937,-74.87510574609405
9.689223641930816,3.380060751954435,17.857006205761195,200.35696515862705
4.349508526343307,3.0290016361875107,-17.324783907898254,-91.13197857712258
-2.033707900540602,4.817167834705744,15.000266063211086,106.10741166558249
5.485363219030802,0.7478105087257738,-5.809109781260112,-59.64073870439762
2.375221114540322,1.2982021046233942,4.542114889743672,30.343513176230875
1.1512153448645073,-0.07551596358119284,-3.225189139386675,-2.1062887021369257
-4.995157544093447,4.941710431750121,-12.23931549298607,-100.66767834969106
2.9275975353582027,-3.6488984582448047,-4.010966781823617,34.00029307085826
-7.420652511625634,2.792397226382956,11.421580681866018,78.48840088952608
-2.5761428751444644,-1.7253906128511765,-1.877224124171633,21.026148465155337
2.0311241025322406,0.43777192855419145,3.037806991297458,46.98596092237539
3.9311133186545995,-3.0334449439690845,-5.319507733854319,-5.792362726311328
-2.5245624453208793,0.46328560352574755,-19.927630245782662,-118.16937945777369
-5.98495257663934,-3.7580572768741396,-4.7708036446012905,31.397529163174966
6.462199079610972,0.9202896629630155,12.936977945805232,134.49753422910152
8.015377060814927,-1.502936121820687,-18.272325201295146,-87.2573609505273
9.921067947165142,0.8977227355793316,-19.73841535046329,-112.31257699346884
-5.175721799139024,-1.3666012346893854,17.4033627178271,114.64707099695237
-2.4912076594343606,-4.822302099396807,9.300660949068963,106.25627265290689
-6.483130355742459,1.6665993274618423,-6.840448198901893,-50.416978274526706
-5.050388882286523,3.7254866057962044,13.719718413788314,83.84330780486465
-4.924862007305322,-0.4955225731831314,19.987864520523047,169.663422626995
7.073495749268879,-4.778732395483603,-12.594520199490002,-19.721993103537436
3.0167545953208226,-1.8177964162876359,-0.8108847723658315,-6.823557200178168
3.0228268084637406,-0.5830901323923072,-9.40494571158184,-51.70177533215932
4.234784998691378,-3.9705138173312893,7.0785749995331955,94.31120762900258
5.236891542533119,-1.1761491477321542,12.42893728333189,115.35704543280714
0.9924320693400546,4.700462324706326,-18.57947189936192,-165.92626492069834
-2.01200857774724,3.2174989290963065,-13.863547096227578,-95.84420456039891
-0.8185745579871995,0.4859426076149571,-2.179911176586785,9.289022880745147
-4.213936016226567,-3.8828369552899202,-16.49731866570896,-87.68699119974154
0.4272783142758243,1.1915620501351576,-8.961950925430994,-58.97319328037628
4.5069572504425555,-1.5104592967737185,-17.261642313296356,-100.43591420101188
4.510338705324999,0.5098779986286628,17.558799580520642,156.0745922148368
-2.5220608929220445,3.3070825343047936,14.917803714428672,114.04287022987083
5.749066474555216,1.5638533794172034,2.0979189660103934,35.393550324843986
-2.319119313012374,-4.7108799321438095,-10.863077119753601,-37.27773802494992
-8.074793408165926,-1.9372372660436121,-0.7004315762584952,32.82175287178068
-2.1530558706815928,-1.229934077993743,-0.12082074411072696,-2.084303555304789
-5.334681011836315,-1.8798544766726888,-14.702574744705984,-98.81329675241517
-4.03120329610193,4.988673244244545,-16.652398463041322,-150.7363540275187
2.8802751590422524,-3.1040310548412373,3.3775164661782178,70.09332669185585
-7.820437516623269,-1.838163130331222,-5.1715263687583715,-22.49382677666369
-5.181119619115417,-1.636871420853999,-4.798205459678094,-25.733390636665693
0.1473206038741548,4.6589111782604515,5.347091805664299,26.218909662398197
-6.75858751120499,4.936871829641049,-2.9585775436126163,-36.72781008284953
1.5148925618938378,4.654933968848061,2.2477245437220397,3.5097078948958984
8.389188007840755,0.45519739826303507,-3.853644588493445,29.66967946401328
1.4492810724743261,-2.797919548036022,13.516003290927856,130.86272779249765
9.224443229436222,-2.1410544854813276,-7.323353846378309,11.44892358169324
0.562623774043864,1.579983025528099,-13.284556643469415,-72.1261636715918
-1.9779055789727629,-0.12591734576310643,-10.471740531757977,-41.89116184757894
1.5642001714699205,-2.890042986589835,6.270719697599908,80.96268733686091
-1.6932763038134233,2.6370690980745115,-1.1269333356408495,-39.07782797436715
7.632222616268017,-3.672964344215288,-13.462646131012882,-93.77942736415524
7.388073760935942,3.1478741631095666,11.867613507594747,103.54021351335484
-9.94871636924552,-3.8712794200345413,-9.576455245454571,-86.27600858397702
3.435735101925548,0.022271105634405153,-8.184005141288889,-26.898208189257346
5.17431772795141,-4.102227481964048,16.870139342880265,147.33143665094624
-7.537126197672328,-2.0648375712567226,-19.047934721492776,-150.41591829231055
5.669498564792331,-3.7963736297683415,17.825439434934417,161.99043818666433
-4.560829758242731,1.3657238967339405,7.391808061212085,75.96566156937786
9.544499178166546,-1.4211080677894583,3.644038950490053,47.57960137730427
1.9691008293710883,-2.632805314399241,15.41519459183332,159.9498193158508
3.6164658489567074,2.800080816240376,-11.344583582099158,-61.75018887336968
0.587180049631641,1.0076171572114978,-5.124414997981127,16.866159997557432
-7.929260147417878,1.901893100794653,-17.21585464824834,-159.74713065474552
8.804736058939422,3.757935846300951,13.96766078103559,140.49384532617836
8.969045620340736,2.318766426967491,-13.534164511660931,-122.93279853220844
-3.509672862273958,-4.431198943357125,2.1017599825565654,54.66836971519547
9.541008422099122,0.7606722271022104,14.831337481883452,200.2919608908545
-2.9706567473798433,3.6019502824850775,-12.179470490556582,-72.06743215739294
-5.095791920666272,-4.685797499277571,-8.769682098415949,-89.00265298025684
-9.915643895829152,-1.0745951002976248,14.514556183933308,115.04059743164922
3.789550215531328,-3.2189830484070994,3.797969656452622,107.9818230861676
-0.6828996572112604,-1.206314283638541,-10.643341646812843,-56.654108594351285
-4.4742820500352405,-3.352963616839185,-17.441575187772067,-106.81001962350287
5.751601312276954,-3.23957553605422,-3.477352013649785,12.556354865275065
-0.1952958900453119,1.7712547157042646,-18.679167622462472,-115.60246279334197
4.563612783970964,-2.6451630637991554,-6.1640666651329425,-27.7355559338855
-7.194105790651966,-4.205357382958168,-5.804273302594893,-20.826820161979256
-1.514603234521383,-4.46639993752825,-14.513279322260107,-61.89550226674151
-3.91696064533976,-4.001551917702858,1.9202494509765557,32.93609774299412
9.813501317941618,3.1955378836487593,2.353823564662001,44.07991121812171
-8.476104834143538,-1.2853022968304453,-3.789161072067607,-20.538632812286743
2.495954940919985,2.710778500369856,-10.00449467944755,-50.21382607786124
6.77567985252875,1.602997292079909,4.370086527576532,72.02995025945003
-4.071283159533103,-1.3086177962643375,-6.2238910057231465,-25.82809465822947
-0.5081620196240522,0.24836599620454258,-5.0827015203188,-53.0565723856791
2.901737879117306,0.9145137079216425,1.2882145120822486,15.942890692126305
-7.693990535177244,-4.305530403861132,-15.71954454386065,-101.12724366804571
-9.860450815624484,4.6400400655604646,-19.43957381762237,-207.6272165762996
3.2982914288979526,-0.4811303403899334,13.756538987093549,139.0828110310265
1.951876911294331,-1.5643286275699353,-0.01606438313710612,12.31806594029624
8.137037653316195,0.21580731118918806,18.80956497927157,161.28225007128776
-7.486785121245465,-1.301577598933151,6.333310635714739,34.42550347903337
6.388766569692745,-2.4526074101133366,3.475788077715478,61.99694716966024
-6.641868482566946,0.4149405242789843,-1.6507024914521153,-7.214535146531084
-2.45770622403721,3.9109959571512434,-12.032441646491833,-87.6253130415435
9.987820851127982,1.8720545953591605,-0.6631538106561727,4.330986597869703
6.822875987049418,0.184361473877944,18.239697434336634,187.4593719806803
-1.771296475713191,0.0990052661904981,-10.149341184587502,-114.60847546907664
1.6369687196765987,-4.845238631206083,-15.364997279531373,-66.39464557583531
-6.789511093840106,1.6699319362882594,-6.296656992922966,-44.937265768271544
7.354024116320829,0.5519815940466408,-2.9268465611073324,6.701591397785112
-2.079819594496377,0.9402103069266285,-17.58911558256061,-108.22115527253416
3.0847841196845867,2.1954477134338646,8.208444930791636,60.80327735532471
-8.427001534183912,3.2481728674738086,-3.8552380959171693,-22.297303651999805
-1.817364854321859,1.6916768998359277,13.710110637136893,132.6687452990812
6.712081440723303,0.7948343348616351,-9.868036730952824,-69.99974321278913
5.955802049462424,-3.1542145183971138,5.798019392662368,70.50445143307317
-3.132765424000312,-1.5738777569935558,-5.796449750790771,-14.068318167338447
-5.280719915713914,-0.9648618867185075,-2.2876830144023472,20.65493383011167
7.440243518989437,-1.5648688463307572,-12.654515613267169,-73.03277688282922
7.275084864892953,2.245300171083274,-10.942336436058703,-95.75870161697728
-7.370189497831956,-2.273172457713418,-15.616104259953678,-117.74892724010276
-8.794652457213669,-3.1652860061377632,-9.215762721081724,-35.03778871733681
4.131053531430249,1.9217480063726677,0.17680573964879542,19.85240747394932
8.103371511209023,-1.180990109652159,1.263948069750498,32.90929437225191
7.221040397414928,0.8464427294038668,11.696104755732442,115.43641637149449
-8.498053696589693,-1.7758593402914191,17.83252896072981,168.08018998155853
-8.545480625366606,-1.5255512284279238,-17.52942761853747,-155.94039901563582
-9.052659169252566,-3.3910445794031254,5.6456208515675,57.84775565456757
0.9186537314272449,1.8587675824802874,13.380561538083462,108.76763906346724
-1.0895197695993595,4.382435910720776,-8.273587810469722,-90.804275033722
-4.912881158178147,0.8369505308910421,-15.977539863502495,-145.48349389774
-8.263745174748426,1.2405634246305333,-19.634419618994666,-191.66551774387787
7.704202342388498,1.7442401474253195,-1.2246611742278475,10.274472865032745
7.428792794295344,-1.203411442562221,10.498606992186282,117.53533183014683
-7.816740321438069,-1.950472368053311,-18.20902122252159,-116.23204915764457
-7.454884627914842,1.3987692034240098,-5.413618931573701,-44.30776496421757
-6.481688963578929,-2.3603849210098238,4.3883285480645675,49.36292638962647
-1.2563028131174434,-3.4789933157136876,-1.6375829413415417,47.351761726416456
1.727879891413103,-2.462618658359216,17.918706358674868,169.49236076032446
-4.665661736378668,-4.800177419472802,18.71884638052333,176.3932107756212
-4.912744240776452,3.8556522027576765,-9.569763506082122,-88.52341536545221
-7.581484910829859,-4.96630760644424,2.655203091939697,46.08813203126924
-8.25514282072088,2.0673941369402504,-10.531606333756688,-86.10702384379978
7.070861988987961,-2.3928317998045747,-10.67213382043553,-1.975662801674119
2.5131574667522543,3.786483497255391,-6.531447956855461,-42.57150859047573
2.1698745938496202,4.063614870080523,10.995746524215988,32.729601049216356
-2.4989142427646467,-3.5416658259545053,-0.9233124431782294,5.73972499070231
-6.417101801747435,-3.912255502838158,-1.8196656286839463,16.44073817789477
1.874982166494144,-0.17531846472632573,-14.23200305390344,-102.6800299918477
-0.2885430428930018,-2.149543504243139,11.594352154721431,113.09013965436799
-3.3238673473723175,-2.736470736051342,-17.78325838648261,-111.69766376872424
-2.2179351839627826,3.2055944880390275,2.469328105112808,32.85051502111743
-3.8777034190966564,3.9779638747108734,-3.15682439474271,-37.35612027938002
4.607470965581141,-3.4146999234613027,-5.596199982012283,17.943191116417125
-0.07268405445910453,-2.834006215329574,-3.9313361909121305,-12.490188685888839
-7.8735694299230685,-1.429748471079626,-7.750341823690512,-56.35750465801057
8.103107484914169,2.8897037295118544,17.936715205875394,180.64071122419722
5.683178242253353,-4.11429801152004,-10.684920862246061,3.9151452833685596
-5.956636974426759,2.304501927308803,8.509148012509712,72.67548012446817
-2.969301681763678,-2.670687146454412,-3.917040162200685,0.5927973708880998
-6.874833831229146,0.40184108445696065,-16.832808591096683,-128.5834815836562
-0.48771161949326114,0.8582866587141211,-15.166975805851145,-95.32651594443718
1.830537317288412,-0.23875195679345573,-16.481557257645775,-85.03474489190637
-1.4968362853240116,0.5600963710854607,-12.123989795172836,-73.79041067235777
6.15657593381404,0.8877053969602331,16.998150270224166,165.06801992179138
-5.130834163456008,-2.8558061472903926,-4.456825672023527,-5.450810644286271
7.552845461072039,3.4187346871679747,19.632751163785336,174.1310841197959
1.1833691277230525,0.09236488717305225,2.079721299064026,45.30719762228324
-8.318727330277687,-2.699967270927015,-1.3938994308739474,-16.354339281738994
6.257875413345321,-0.3992148451850266,-2.034328235085546,31.895093705797855
-7.101886084266229,4.422301940894066,12.29841996103292,82.25759440766592
-1.9886921149060992,0.44109367200159877,-2.8623021839726164,16.913381004130052
-2.037452761158651,-0.2304112019130944,9.359166260760354,81.20528295581859
8.236686086242845,2.736866419000666,-10.833207148815195,-53.89956891723798
4.961150383720934,-1.087727244979828,13.215520462676345,122.92406130852957
7.4023281173602555,-0.6109653012673864,8.77942007669493,104.07028741271131
6.628681423725926,1.6669635701537384,10.481915561323238,65.06761097208322
1.931285030241627,-0.7098715706074685,16.21975585275878,175.52128456360904
-7.417011391438,-4.807930198836319,0.5027517377914066,35.196871558073425
-4.06739439416792,-1.853404600983958,13.394848104731764,99.90501982293065
-4.443432986447744,-0.10901798040879918,-13.058194862960084,-91.4604926461979
-2.5075530388319534,-1.2251094874090516,10.30740858419696,67.85262343976339
8.581570731403911,-2.1584376212038814,11.677740195418075,99.78324308777894
9.071417065890298,-0.3231131088946064,-14.495988107182022,-70.42849145653284
5.578147762882267,3.588401568252781,17.917837849082986,133.47429856241757
7.01853632842483,-1.3541637161092157,5.259546990040555,103.93617974799191
0.8992333409557052,2.6998934260866605,-15.329994467671968,-104.19818995461837
-0.7751642922764379,1.8264569667153365,8.98241708818782,92.6967374487507
7.223244127758413,1.2094856678030759,6.92057495513675,95.57149620729639
1.3772537868785406,1.2803628661788942,5.165105504058452,53.314060197558774
3.0053214866982465,2.3539047735211724,-16.55778288794663,-101.94249027442044
-4.5010747600162855,4.627945101843974,-15.067038069171579,-127.17244719158734
2.5116606399830683,0.5924195166015505,14.995301303170208,132.71089131510703
-0.10175117900728559,4.120099575003856,-15.548639112737401,-134.50847793114616
-5.551856435898497,-1.472894710198024,-14.0547582573152,-75.20383111636033
-2.3316693473461996,-2.297680382653949,9.47749549193388,104.50096207604922
-4.601565617554395,1.555912974788349,17.00194249008981,130.34051804584118
3.2266603665407168,4.139729356298469,8.9075432092956,35.087987815001945
-4.156227325181579,0.44915163923143187,-11.840001986001457,-68.4412150717058
-3.0591766501646767,0.5649173134932806,0.16383685063705045,30.06223426786441
-0.7337844311566926,1.781975103349133,-8.820784002522792,-74.29476352260421
2.6698971526016066,-2.064475149620586,19.071709472071,178.25204341448963
-6.639014975075959,2.9657324505994467,19.421920273799934,173.79021138054543
-4.520123159233201,-0.3791497576535532,-11.22478177566109,-105.58534660041535
-7.08253404194452,-0.5376497012416079,-9.699503505021823,-75.33006423125082
4.169441940398372,-3.9685293835571054,17.499398885295577,178.65229856510734
-4.935891998810689,-2.1836212835742286,5.045616251330706,43.14162893183236
5.486061530644692,-0.6419713741245037,-4.068096771343885,-3.316816630922503
2.8248373782529583,1.3870948344878178,9.283281781968004,102.24162132657888
-9.551789627887992,-4.9553606217632264,-17.441317245107083,-103.2804447206201
-9.912116079678842,1.6888468732783313,0.14749738840261273,-1.2678226057739863
-8.878854139891443,4.218318385643089,8.71096674709981,55.476203346426054
